timestamp,domain,category,title,hour,date,day_name,week,is_weekend,time_block
2026-03-01 00:35:10,facebook.com,social,Page on facebook.com,0,2026-03-01,Sunday,9,1,late_night
2026-03-01 07:13:59,linkedin.com,professional,Page on linkedin.com,7,2026-03-01,Sunday,9,1,morning
2026-03-01 07:48:46,ndtv.com,news,Page on ndtv.com,7,2026-03-01,Sunday,9,1,morning
2026-03-01 07:55:38,gmail.com,email,Page on gmail.com,7,2026-03-01,Sunday,9,1,morning
2026-03-01 08:01:37,linkedin.com,professional,Page on linkedin.com,8,2026-03-01,Sunday,9,1,morning
2026-03-01 08:12:45,kaggle.com,learning,Page on kaggle.com,8,2026-03-01,Sunday,9,1,morning
2026-03-01 08:14:04,medium.com,learning,Page on medium.com,8,2026-03-01,Sunday,9,1,morning
2026-03-01 08:23:28,bing.com,search,Page on bing.com,8,2026-03-01,Sunday,9,1,morning
2026-03-01 08:25:42,news.google.com,news,Page on news.google.com,8,2026-03-01,Sunday,9,1,morning
2026-03-01 08:28:07,stackoverflow.com,learning,Page on stackoverflow.com,8,2026-03-01,Sunday,9,1,morning
2026-03-01 09:04:45,google.com,search,Page on google.com,9,2026-03-01,Sunday,9,1,morning
2026-03-01 09:06:42,medium.com,learning,Page on medium.com,9,2026-03-01,Sunday,9,1,morning
2026-03-01 09:13:34,reddit.com,social,Page on reddit.com,9,2026-03-01,Sunday,9,1,morning
2026-03-01 09:14:04,news.google.com,news,Page on news.google.com,9,2026-03-01,Sunday,9,1,morning
2026-03-01 09:14:37,github.com,learning,Page on github.com,9,2026-03-01,Sunday,9,1,morning
2026-03-01 09:15:17,google.com,search,Page on google.com,9,2026-03-01,Sunday,9,1,morning
2026-03-01 09:27:26,medium.com,learning,Page on medium.com,9,2026-03-01,Sunday,9,1,morning
2026-03-01 09:30:15,chatgpt.com,ai_tools,Page on chatgpt.com,9,2026-03-01,Sunday,9,1,morning
2026-03-01 09:41:06,instagram.com,social,Page on instagram.com,9,2026-03-01,Sunday,9,1,morning
2026-03-01 09:46:03,google.com,search,Page on google.com,9,2026-03-01,Sunday,9,1,morning
2026-03-01 09:51:26,github.com,learning,Page on github.com,9,2026-03-01,Sunday,9,1,morning
2026-03-01 09:55:21,instagram.com,social,Page on instagram.com,9,2026-03-01,Sunday,9,1,morning
2026-03-01 09:59:56,gmail.com,email,Page on gmail.com,9,2026-03-01,Sunday,9,1,morning
2026-03-01 10:05:59,linkedin.com,professional,Page on linkedin.com,10,2026-03-01,Sunday,9,1,morning
2026-03-01 10:06:03,google.com,search,Page on google.com,10,2026-03-01,Sunday,9,1,morning
2026-03-01 10:06:15,github.com,learning,Page on github.com,10,2026-03-01,Sunday,9,1,morning
2026-03-01 10:11:17,medium.com,learning,Page on medium.com,10,2026-03-01,Sunday,9,1,morning
2026-03-01 10:15:10,kaggle.com,learning,Page on kaggle.com,10,2026-03-01,Sunday,9,1,morning
2026-03-01 10:34:28,reddit.com,social,Page on reddit.com,10,2026-03-01,Sunday,9,1,morning
2026-03-01 10:34:53,youtube.com,video,Page on youtube.com,10,2026-03-01,Sunday,9,1,morning
2026-03-01 10:46:21,chatgpt.com,ai_tools,Page on chatgpt.com,10,2026-03-01,Sunday,9,1,morning
2026-03-01 10:51:55,claude.ai,ai_tools,Page on claude.ai,10,2026-03-01,Sunday,9,1,morning
2026-03-01 10:55:59,twitter.com,social,Page on twitter.com,10,2026-03-01,Sunday,9,1,morning
2026-03-01 11:00:24,stackoverflow.com,learning,Page on stackoverflow.com,11,2026-03-01,Sunday,9,1,morning
2026-03-01 11:13:03,gmail.com,email,Page on gmail.com,11,2026-03-01,Sunday,9,1,morning
2026-03-01 11:27:44,whatsapp.com,messaging,Page on whatsapp.com,11,2026-03-01,Sunday,9,1,morning
2026-03-01 11:30:13,claude.ai,ai_tools,Page on claude.ai,11,2026-03-01,Sunday,9,1,morning
2026-03-01 11:31:09,github.com,learning,Page on github.com,11,2026-03-01,Sunday,9,1,morning
2026-03-01 11:50:35,google.com,search,Page on google.com,11,2026-03-01,Sunday,9,1,morning
2026-03-01 11:50:50,medium.com,learning,Page on medium.com,11,2026-03-01,Sunday,9,1,morning
2026-03-01 11:57:03,github.com,learning,Page on github.com,11,2026-03-01,Sunday,9,1,morning
2026-03-01 12:03:03,outlook.com,email,Page on outlook.com,12,2026-03-01,Sunday,9,1,afternoon
2026-03-01 12:05:54,github.com,learning,Page on github.com,12,2026-03-01,Sunday,9,1,afternoon
2026-03-01 12:10:03,whatsapp.com,messaging,Page on whatsapp.com,12,2026-03-01,Sunday,9,1,afternoon
2026-03-01 12:32:58,claude.ai,ai_tools,Page on claude.ai,12,2026-03-01,Sunday,9,1,afternoon
2026-03-01 12:34:03,linkedin.com,professional,Page on linkedin.com,12,2026-03-01,Sunday,9,1,afternoon
2026-03-01 13:13:42,linkedin.com,professional,Page on linkedin.com,13,2026-03-01,Sunday,9,1,afternoon
2026-03-01 13:15:16,kaggle.com,learning,Page on kaggle.com,13,2026-03-01,Sunday,9,1,afternoon
2026-03-01 13:15:25,facebook.com,social,Page on facebook.com,13,2026-03-01,Sunday,9,1,afternoon
2026-03-01 13:20:59,linkedin.com,professional,Page on linkedin.com,13,2026-03-01,Sunday,9,1,afternoon
2026-03-01 13:26:42,outlook.com,email,Page on outlook.com,13,2026-03-01,Sunday,9,1,afternoon
2026-03-01 13:33:20,ndtv.com,news,Page on ndtv.com,13,2026-03-01,Sunday,9,1,afternoon
2026-03-01 13:38:02,outlook.com,email,Page on outlook.com,13,2026-03-01,Sunday,9,1,afternoon
2026-03-01 13:38:04,google.com,search,Page on google.com,13,2026-03-01,Sunday,9,1,afternoon
2026-03-01 13:42:41,stackoverflow.com,learning,Page on stackoverflow.com,13,2026-03-01,Sunday,9,1,afternoon
2026-03-01 13:56:36,stackoverflow.com,learning,Page on stackoverflow.com,13,2026-03-01,Sunday,9,1,afternoon
2026-03-01 14:04:00,medium.com,learning,Page on medium.com,14,2026-03-01,Sunday,9,1,afternoon
2026-03-01 14:36:06,twitter.com,social,Page on twitter.com,14,2026-03-01,Sunday,9,1,afternoon
2026-03-01 15:10:28,claude.ai,ai_tools,Page on claude.ai,15,2026-03-01,Sunday,9,1,afternoon
2026-03-01 15:13:32,stackoverflow.com,learning,Page on stackoverflow.com,15,2026-03-01,Sunday,9,1,afternoon
2026-03-01 15:45:19,outlook.com,email,Page on outlook.com,15,2026-03-01,Sunday,9,1,afternoon
2026-03-01 15:51:41,flipkart.com,shopping,Page on flipkart.com,15,2026-03-01,Sunday,9,1,afternoon
2026-03-01 15:56:15,kaggle.com,learning,Page on kaggle.com,15,2026-03-01,Sunday,9,1,afternoon
2026-03-01 15:59:22,claude.ai,ai_tools,Page on claude.ai,15,2026-03-01,Sunday,9,1,afternoon
2026-03-01 16:09:17,stackoverflow.com,learning,Page on stackoverflow.com,16,2026-03-01,Sunday,9,1,afternoon
2026-03-01 16:13:45,coursera.org,learning,Page on coursera.org,16,2026-03-01,Sunday,9,1,afternoon
2026-03-01 16:42:52,gmail.com,email,Page on gmail.com,16,2026-03-01,Sunday,9,1,afternoon
2026-03-01 16:43:40,claude.ai,ai_tools,Page on claude.ai,16,2026-03-01,Sunday,9,1,afternoon
2026-03-01 16:56:06,linkedin.com,professional,Page on linkedin.com,16,2026-03-01,Sunday,9,1,afternoon
2026-03-01 16:56:08,stackoverflow.com,learning,Page on stackoverflow.com,16,2026-03-01,Sunday,9,1,afternoon
2026-03-01 16:59:42,facebook.com,social,Page on facebook.com,16,2026-03-01,Sunday,9,1,afternoon
2026-03-01 17:02:00,coursera.org,learning,Page on coursera.org,17,2026-03-01,Sunday,9,1,evening
2026-03-01 17:07:04,whatsapp.com,messaging,Page on whatsapp.com,17,2026-03-01,Sunday,9,1,evening
2026-03-01 17:08:40,discord.com,messaging,Page on discord.com,17,2026-03-01,Sunday,9,1,evening
2026-03-01 17:10:47,medium.com,learning,Page on medium.com,17,2026-03-01,Sunday,9,1,evening
2026-03-01 17:32:31,stackoverflow.com,learning,Page on stackoverflow.com,17,2026-03-01,Sunday,9,1,evening
2026-03-01 17:40:27,claude.ai,ai_tools,Page on claude.ai,17,2026-03-01,Sunday,9,1,evening
2026-03-01 17:44:57,reddit.com,social,Page on reddit.com,17,2026-03-01,Sunday,9,1,evening
2026-03-01 17:45:27,gmail.com,email,Page on gmail.com,17,2026-03-01,Sunday,9,1,evening
2026-03-01 17:58:54,instagram.com,social,Page on instagram.com,17,2026-03-01,Sunday,9,1,evening
2026-03-01 18:02:53,amazon.com,shopping,Page on amazon.com,18,2026-03-01,Sunday,9,1,evening
2026-03-01 18:06:22,discord.com,messaging,Page on discord.com,18,2026-03-01,Sunday,9,1,evening
2026-03-01 18:19:23,netflix.com,video,Page on netflix.com,18,2026-03-01,Sunday,9,1,evening
2026-03-01 18:27:08,netflix.com,video,Page on netflix.com,18,2026-03-01,Sunday,9,1,evening
2026-03-01 18:35:56,gmail.com,email,Page on gmail.com,18,2026-03-01,Sunday,9,1,evening
2026-03-01 18:37:35,facebook.com,social,Page on facebook.com,18,2026-03-01,Sunday,9,1,evening
2026-03-01 18:39:47,facebook.com,social,Page on facebook.com,18,2026-03-01,Sunday,9,1,evening
2026-03-01 18:43:15,bbc.com,news,Page on bbc.com,18,2026-03-01,Sunday,9,1,evening
2026-03-01 18:55:10,reddit.com,social,Page on reddit.com,18,2026-03-01,Sunday,9,1,evening
2026-03-01 18:56:26,youtube.com,video,Page on youtube.com,18,2026-03-01,Sunday,9,1,evening
2026-03-01 18:57:22,github.com,learning,Page on github.com,18,2026-03-01,Sunday,9,1,evening
2026-03-01 18:59:59,stackoverflow.com,learning,Page on stackoverflow.com,18,2026-03-01,Sunday,9,1,evening
2026-03-01 19:06:24,netflix.com,video,Page on netflix.com,19,2026-03-01,Sunday,9,1,evening
2026-03-01 19:06:38,gmail.com,email,Page on gmail.com,19,2026-03-01,Sunday,9,1,evening
2026-03-01 19:07:24,chatgpt.com,ai_tools,Page on chatgpt.com,19,2026-03-01,Sunday,9,1,evening
2026-03-01 19:10:50,ndtv.com,news,Page on ndtv.com,19,2026-03-01,Sunday,9,1,evening
2026-03-01 19:11:47,medium.com,learning,Page on medium.com,19,2026-03-01,Sunday,9,1,evening
2026-03-01 19:12:16,netflix.com,video,Page on netflix.com,19,2026-03-01,Sunday,9,1,evening
2026-03-01 19:12:25,medium.com,learning,Page on medium.com,19,2026-03-01,Sunday,9,1,evening
2026-03-01 19:12:52,outlook.com,email,Page on outlook.com,19,2026-03-01,Sunday,9,1,evening
2026-03-01 19:14:01,bbc.com,news,Page on bbc.com,19,2026-03-01,Sunday,9,1,evening
2026-03-01 19:17:55,instagram.com,social,Page on instagram.com,19,2026-03-01,Sunday,9,1,evening
2026-03-01 19:21:01,twitter.com,social,Page on twitter.com,19,2026-03-01,Sunday,9,1,evening
2026-03-01 19:22:19,stackoverflow.com,learning,Page on stackoverflow.com,19,2026-03-01,Sunday,9,1,evening
2026-03-01 19:22:46,medium.com,learning,Page on medium.com,19,2026-03-01,Sunday,9,1,evening
2026-03-01 19:27:38,bing.com,search,Page on bing.com,19,2026-03-01,Sunday,9,1,evening
2026-03-01 19:37:16,netflix.com,video,Page on netflix.com,19,2026-03-01,Sunday,9,1,evening
2026-03-01 19:41:32,flipkart.com,shopping,Page on flipkart.com,19,2026-03-01,Sunday,9,1,evening
2026-03-01 19:43:53,linkedin.com,professional,Page on linkedin.com,19,2026-03-01,Sunday,9,1,evening
2026-03-01 19:49:17,amazon.com,shopping,Page on amazon.com,19,2026-03-01,Sunday,9,1,evening
2026-03-01 19:50:59,gmail.com,email,Page on gmail.com,19,2026-03-01,Sunday,9,1,evening
2026-03-01 19:51:15,coursera.org,learning,Page on coursera.org,19,2026-03-01,Sunday,9,1,evening
2026-03-01 19:51:42,whatsapp.com,messaging,Page on whatsapp.com,19,2026-03-01,Sunday,9,1,evening
2026-03-01 19:54:30,stackoverflow.com,learning,Page on stackoverflow.com,19,2026-03-01,Sunday,9,1,evening
2026-03-01 19:56:16,reddit.com,social,Page on reddit.com,19,2026-03-01,Sunday,9,1,evening
2026-03-01 20:23:27,instagram.com,social,Page on instagram.com,20,2026-03-01,Sunday,9,1,evening
2026-03-01 20:33:59,linkedin.com,professional,Page on linkedin.com,20,2026-03-01,Sunday,9,1,evening
2026-03-01 20:39:20,bbc.com,news,Page on bbc.com,20,2026-03-01,Sunday,9,1,evening
2026-03-01 20:42:58,medium.com,learning,Page on medium.com,20,2026-03-01,Sunday,9,1,evening
2026-03-01 20:43:46,whatsapp.com,messaging,Page on whatsapp.com,20,2026-03-01,Sunday,9,1,evening
2026-03-01 20:45:27,youtube.com,video,Page on youtube.com,20,2026-03-01,Sunday,9,1,evening
2026-03-01 20:47:42,github.com,learning,Page on github.com,20,2026-03-01,Sunday,9,1,evening
2026-03-01 20:54:07,whatsapp.com,messaging,Page on whatsapp.com,20,2026-03-01,Sunday,9,1,evening
2026-03-01 21:12:26,bbc.com,news,Page on bbc.com,21,2026-03-01,Sunday,9,1,late_night
2026-03-01 21:18:35,facebook.com,social,Page on facebook.com,21,2026-03-01,Sunday,9,1,late_night
2026-03-01 21:19:18,github.com,learning,Page on github.com,21,2026-03-01,Sunday,9,1,late_night
2026-03-01 21:19:42,gmail.com,email,Page on gmail.com,21,2026-03-01,Sunday,9,1,late_night
2026-03-01 21:20:25,ndtv.com,news,Page on ndtv.com,21,2026-03-01,Sunday,9,1,late_night
2026-03-01 21:24:43,whatsapp.com,messaging,Page on whatsapp.com,21,2026-03-01,Sunday,9,1,late_night
2026-03-01 21:35:53,youtube.com,video,Page on youtube.com,21,2026-03-01,Sunday,9,1,late_night
2026-03-01 21:36:19,flipkart.com,shopping,Page on flipkart.com,21,2026-03-01,Sunday,9,1,late_night
2026-03-01 21:57:11,claude.ai,ai_tools,Page on claude.ai,21,2026-03-01,Sunday,9,1,late_night
2026-03-01 21:57:19,bing.com,search,Page on bing.com,21,2026-03-01,Sunday,9,1,late_night
2026-03-01 22:27:50,flipkart.com,shopping,Page on flipkart.com,22,2026-03-01,Sunday,9,1,late_night
2026-03-01 22:41:20,stackoverflow.com,learning,Page on stackoverflow.com,22,2026-03-01,Sunday,9,1,late_night
2026-03-01 23:05:18,medium.com,learning,Page on medium.com,23,2026-03-01,Sunday,9,1,late_night
2026-03-01 23:28:43,twitter.com,social,Page on twitter.com,23,2026-03-01,Sunday,9,1,late_night
2026-03-01 23:30:50,whatsapp.com,messaging,Page on whatsapp.com,23,2026-03-01,Sunday,9,1,late_night
2026-03-01 23:40:39,facebook.com,social,Page on facebook.com,23,2026-03-01,Sunday,9,1,late_night
2026-03-01 23:50:47,instagram.com,social,Page on instagram.com,23,2026-03-01,Sunday,9,1,late_night
2026-03-02 00:09:15,instagram.com,social,Page on instagram.com,0,2026-03-02,Monday,10,0,late_night
2026-03-02 00:12:53,youtube.com,video,Page on youtube.com,0,2026-03-02,Monday,10,0,late_night
2026-03-02 05:42:07,chatgpt.com,ai_tools,Page on chatgpt.com,5,2026-03-02,Monday,10,0,morning
2026-03-02 06:10:38,claude.ai,ai_tools,Page on claude.ai,6,2026-03-02,Monday,10,0,morning
2026-03-02 06:13:29,ndtv.com,news,Page on ndtv.com,6,2026-03-02,Monday,10,0,morning
2026-03-02 06:16:49,amazon.com,shopping,Page on amazon.com,6,2026-03-02,Monday,10,0,morning
2026-03-02 06:47:45,twitter.com,social,Page on twitter.com,6,2026-03-02,Monday,10,0,morning
2026-03-02 07:19:06,chatgpt.com,ai_tools,Page on chatgpt.com,7,2026-03-02,Monday,10,0,morning
2026-03-02 07:49:52,reddit.com,social,Page on reddit.com,7,2026-03-02,Monday,10,0,morning
2026-03-02 08:01:59,kaggle.com,learning,Page on kaggle.com,8,2026-03-02,Monday,10,0,morning
2026-03-02 08:04:37,ndtv.com,news,Page on ndtv.com,8,2026-03-02,Monday,10,0,morning
2026-03-02 08:25:45,github.com,learning,Page on github.com,8,2026-03-02,Monday,10,0,morning
2026-03-02 08:36:43,flipkart.com,shopping,Page on flipkart.com,8,2026-03-02,Monday,10,0,morning
2026-03-02 09:43:38,chatgpt.com,ai_tools,Page on chatgpt.com,9,2026-03-02,Monday,10,0,morning
2026-03-02 09:44:49,stackoverflow.com,learning,Page on stackoverflow.com,9,2026-03-02,Monday,10,0,morning
2026-03-02 09:50:36,chatgpt.com,ai_tools,Page on chatgpt.com,9,2026-03-02,Monday,10,0,morning
2026-03-02 09:53:40,stackoverflow.com,learning,Page on stackoverflow.com,9,2026-03-02,Monday,10,0,morning
2026-03-02 10:11:46,flipkart.com,shopping,Page on flipkart.com,10,2026-03-02,Monday,10,0,morning
2026-03-02 10:21:00,claude.ai,ai_tools,Page on claude.ai,10,2026-03-02,Monday,10,0,morning
2026-03-02 10:22:34,medium.com,learning,Page on medium.com,10,2026-03-02,Monday,10,0,morning
2026-03-02 10:23:04,amazon.com,shopping,Page on amazon.com,10,2026-03-02,Monday,10,0,morning
2026-03-02 10:23:40,news.google.com,news,Page on news.google.com,10,2026-03-02,Monday,10,0,morning
2026-03-02 10:29:45,reddit.com,social,Page on reddit.com,10,2026-03-02,Monday,10,0,morning
2026-03-02 10:52:31,facebook.com,social,Page on facebook.com,10,2026-03-02,Monday,10,0,morning
2026-03-02 11:15:53,ndtv.com,news,Page on ndtv.com,11,2026-03-02,Monday,10,0,morning
2026-03-02 11:17:56,medium.com,learning,Page on medium.com,11,2026-03-02,Monday,10,0,morning
2026-03-02 11:29:27,chatgpt.com,ai_tools,Page on chatgpt.com,11,2026-03-02,Monday,10,0,morning
2026-03-02 11:31:13,coursera.org,learning,Page on coursera.org,11,2026-03-02,Monday,10,0,morning
2026-03-02 11:31:54,coursera.org,learning,Page on coursera.org,11,2026-03-02,Monday,10,0,morning
2026-03-02 11:37:17,coursera.org,learning,Page on coursera.org,11,2026-03-02,Monday,10,0,morning
2026-03-02 11:41:17,outlook.com,email,Page on outlook.com,11,2026-03-02,Monday,10,0,morning
2026-03-02 11:42:24,coursera.org,learning,Page on coursera.org,11,2026-03-02,Monday,10,0,morning
2026-03-02 11:48:29,gmail.com,email,Page on gmail.com,11,2026-03-02,Monday,10,0,morning
2026-03-02 11:58:34,chatgpt.com,ai_tools,Page on chatgpt.com,11,2026-03-02,Monday,10,0,morning
2026-03-02 12:12:05,stackoverflow.com,learning,Page on stackoverflow.com,12,2026-03-02,Monday,10,0,afternoon
2026-03-02 12:16:21,stackoverflow.com,learning,Page on stackoverflow.com,12,2026-03-02,Monday,10,0,afternoon
2026-03-02 12:26:31,gmail.com,email,Page on gmail.com,12,2026-03-02,Monday,10,0,afternoon
2026-03-02 12:35:00,flipkart.com,shopping,Page on flipkart.com,12,2026-03-02,Monday,10,0,afternoon
2026-03-02 12:38:44,claude.ai,ai_tools,Page on claude.ai,12,2026-03-02,Monday,10,0,afternoon
2026-03-02 13:01:05,stackoverflow.com,learning,Page on stackoverflow.com,13,2026-03-02,Monday,10,0,afternoon
2026-03-02 13:15:44,medium.com,learning,Page on medium.com,13,2026-03-02,Monday,10,0,afternoon
2026-03-02 13:25:44,stackoverflow.com,learning,Page on stackoverflow.com,13,2026-03-02,Monday,10,0,afternoon
2026-03-02 13:42:37,kaggle.com,learning,Page on kaggle.com,13,2026-03-02,Monday,10,0,afternoon
2026-03-02 13:45:31,medium.com,learning,Page on medium.com,13,2026-03-02,Monday,10,0,afternoon
2026-03-02 14:12:20,facebook.com,social,Page on facebook.com,14,2026-03-02,Monday,10,0,afternoon
2026-03-02 14:16:14,facebook.com,social,Page on facebook.com,14,2026-03-02,Monday,10,0,afternoon
2026-03-02 14:35:33,coursera.org,learning,Page on coursera.org,14,2026-03-02,Monday,10,0,afternoon
2026-03-02 14:44:29,stackoverflow.com,learning,Page on stackoverflow.com,14,2026-03-02,Monday,10,0,afternoon
2026-03-02 14:47:35,coursera.org,learning,Page on coursera.org,14,2026-03-02,Monday,10,0,afternoon
2026-03-02 15:06:53,github.com,learning,Page on github.com,15,2026-03-02,Monday,10,0,afternoon
2026-03-02 15:12:13,linkedin.com,professional,Page on linkedin.com,15,2026-03-02,Monday,10,0,afternoon
2026-03-02 15:17:46,outlook.com,email,Page on outlook.com,15,2026-03-02,Monday,10,0,afternoon
2026-03-02 15:34:48,bing.com,search,Page on bing.com,15,2026-03-02,Monday,10,0,afternoon
2026-03-02 15:48:33,outlook.com,email,Page on outlook.com,15,2026-03-02,Monday,10,0,afternoon
2026-03-02 16:00:45,flipkart.com,shopping,Page on flipkart.com,16,2026-03-02,Monday,10,0,afternoon
2026-03-02 16:08:40,claude.ai,ai_tools,Page on claude.ai,16,2026-03-02,Monday,10,0,afternoon
2026-03-02 16:14:23,github.com,learning,Page on github.com,16,2026-03-02,Monday,10,0,afternoon
2026-03-02 16:17:02,discord.com,messaging,Page on discord.com,16,2026-03-02,Monday,10,0,afternoon
2026-03-02 16:31:06,claude.ai,ai_tools,Page on claude.ai,16,2026-03-02,Monday,10,0,afternoon
2026-03-02 16:35:18,bing.com,search,Page on bing.com,16,2026-03-02,Monday,10,0,afternoon
2026-03-02 17:03:16,ndtv.com,news,Page on ndtv.com,17,2026-03-02,Monday,10,0,evening
2026-03-02 17:07:35,linkedin.com,professional,Page on linkedin.com,17,2026-03-02,Monday,10,0,evening
2026-03-02 17:09:51,gmail.com,email,Page on gmail.com,17,2026-03-02,Monday,10,0,evening
2026-03-02 17:19:05,discord.com,messaging,Page on discord.com,17,2026-03-02,Monday,10,0,evening
2026-03-02 17:25:31,twitter.com,social,Page on twitter.com,17,2026-03-02,Monday,10,0,evening
2026-03-02 17:28:21,github.com,learning,Page on github.com,17,2026-03-02,Monday,10,0,evening
2026-03-02 17:30:07,chatgpt.com,ai_tools,Page on chatgpt.com,17,2026-03-02,Monday,10,0,evening
2026-03-02 17:36:18,medium.com,learning,Page on medium.com,17,2026-03-02,Monday,10,0,evening
2026-03-02 17:40:43,instagram.com,social,Page on instagram.com,17,2026-03-02,Monday,10,0,evening
2026-03-02 18:00:26,outlook.com,email,Page on outlook.com,18,2026-03-02,Monday,10,0,evening
2026-03-02 18:10:15,reddit.com,social,Page on reddit.com,18,2026-03-02,Monday,10,0,evening
2026-03-02 18:13:40,github.com,learning,Page on github.com,18,2026-03-02,Monday,10,0,evening
2026-03-02 18:14:49,bing.com,search,Page on bing.com,18,2026-03-02,Monday,10,0,evening
2026-03-02 18:16:42,instagram.com,social,Page on instagram.com,18,2026-03-02,Monday,10,0,evening
2026-03-02 18:19:55,chatgpt.com,ai_tools,Page on chatgpt.com,18,2026-03-02,Monday,10,0,evening
2026-03-02 18:24:28,outlook.com,email,Page on outlook.com,18,2026-03-02,Monday,10,0,evening
2026-03-02 18:27:19,chatgpt.com,ai_tools,Page on chatgpt.com,18,2026-03-02,Monday,10,0,evening
2026-03-02 18:35:04,reddit.com,social,Page on reddit.com,18,2026-03-02,Monday,10,0,evening
2026-03-02 18:38:38,claude.ai,ai_tools,Page on claude.ai,18,2026-03-02,Monday,10,0,evening
2026-03-02 18:39:03,claude.ai,ai_tools,Page on claude.ai,18,2026-03-02,Monday,10,0,evening
2026-03-02 18:44:38,google.com,search,Page on google.com,18,2026-03-02,Monday,10,0,evening
2026-03-02 18:47:06,discord.com,messaging,Page on discord.com,18,2026-03-02,Monday,10,0,evening
2026-03-02 19:04:03,reddit.com,social,Page on reddit.com,19,2026-03-02,Monday,10,0,evening
2026-03-02 19:04:43,stackoverflow.com,learning,Page on stackoverflow.com,19,2026-03-02,Monday,10,0,evening
2026-03-02 19:07:29,ndtv.com,news,Page on ndtv.com,19,2026-03-02,Monday,10,0,evening
2026-03-02 19:14:41,facebook.com,social,Page on facebook.com,19,2026-03-02,Monday,10,0,evening
2026-03-02 19:17:32,linkedin.com,professional,Page on linkedin.com,19,2026-03-02,Monday,10,0,evening
2026-03-02 19:18:02,stackoverflow.com,learning,Page on stackoverflow.com,19,2026-03-02,Monday,10,0,evening
2026-03-02 19:18:45,kaggle.com,learning,Page on kaggle.com,19,2026-03-02,Monday,10,0,evening
2026-03-02 19:19:44,flipkart.com,shopping,Page on flipkart.com,19,2026-03-02,Monday,10,0,evening
2026-03-02 19:27:07,linkedin.com,professional,Page on linkedin.com,19,2026-03-02,Monday,10,0,evening
2026-03-02 19:37:42,github.com,learning,Page on github.com,19,2026-03-02,Monday,10,0,evening
2026-03-02 19:44:55,outlook.com,email,Page on outlook.com,19,2026-03-02,Monday,10,0,evening
2026-03-02 19:47:52,chatgpt.com,ai_tools,Page on chatgpt.com,19,2026-03-02,Monday,10,0,evening
2026-03-02 19:50:19,claude.ai,ai_tools,Page on claude.ai,19,2026-03-02,Monday,10,0,evening
2026-03-02 19:58:17,facebook.com,social,Page on facebook.com,19,2026-03-02,Monday,10,0,evening
2026-03-02 19:58:18,outlook.com,email,Page on outlook.com,19,2026-03-02,Monday,10,0,evening
2026-03-02 19:59:16,news.google.com,news,Page on news.google.com,19,2026-03-02,Monday,10,0,evening
2026-03-02 20:14:43,chatgpt.com,ai_tools,Page on chatgpt.com,20,2026-03-02,Monday,10,0,evening
2026-03-02 20:16:01,instagram.com,social,Page on instagram.com,20,2026-03-02,Monday,10,0,evening
2026-03-02 20:31:28,instagram.com,social,Page on instagram.com,20,2026-03-02,Monday,10,0,evening
2026-03-02 20:36:02,discord.com,messaging,Page on discord.com,20,2026-03-02,Monday,10,0,evening
2026-03-02 20:37:01,discord.com,messaging,Page on discord.com,20,2026-03-02,Monday,10,0,evening
2026-03-02 20:38:02,gmail.com,email,Page on gmail.com,20,2026-03-02,Monday,10,0,evening
2026-03-02 20:43:52,coursera.org,learning,Page on coursera.org,20,2026-03-02,Monday,10,0,evening
2026-03-02 20:47:20,claude.ai,ai_tools,Page on claude.ai,20,2026-03-02,Monday,10,0,evening
2026-03-02 21:33:41,outlook.com,email,Page on outlook.com,21,2026-03-02,Monday,10,0,late_night
2026-03-02 21:48:11,google.com,search,Page on google.com,21,2026-03-02,Monday,10,0,late_night
2026-03-02 21:58:17,reddit.com,social,Page on reddit.com,21,2026-03-02,Monday,10,0,late_night
2026-03-02 22:06:54,instagram.com,social,Page on instagram.com,22,2026-03-02,Monday,10,0,late_night
2026-03-02 22:26:21,facebook.com,social,Page on facebook.com,22,2026-03-02,Monday,10,0,late_night
2026-03-02 22:31:05,stackoverflow.com,learning,Page on stackoverflow.com,22,2026-03-02,Monday,10,0,late_night
2026-03-02 22:37:27,outlook.com,email,Page on outlook.com,22,2026-03-02,Monday,10,0,late_night
2026-03-02 23:26:44,kaggle.com,learning,Page on kaggle.com,23,2026-03-02,Monday,10,0,late_night
2026-03-02 23:42:25,bbc.com,news,Page on bbc.com,23,2026-03-02,Monday,10,0,late_night
2026-03-03 00:18:43,amazon.com,shopping,Page on amazon.com,0,2026-03-03,Tuesday,10,0,late_night
2026-03-03 00:57:51,stackoverflow.com,learning,Page on stackoverflow.com,0,2026-03-03,Tuesday,10,0,late_night
2026-03-03 03:04:28,amazon.com,shopping,Page on amazon.com,3,2026-03-03,Tuesday,10,0,late_night
2026-03-03 04:37:19,news.google.com,news,Page on news.google.com,4,2026-03-03,Tuesday,10,0,late_night
2026-03-03 06:27:44,coursera.org,learning,Page on coursera.org,6,2026-03-03,Tuesday,10,0,morning
2026-03-03 06:29:54,kaggle.com,learning,Page on kaggle.com,6,2026-03-03,Tuesday,10,0,morning
2026-03-03 07:06:15,flipkart.com,shopping,Page on flipkart.com,7,2026-03-03,Tuesday,10,0,morning
2026-03-03 07:12:24,google.com,search,Page on google.com,7,2026-03-03,Tuesday,10,0,morning
2026-03-03 07:18:44,kaggle.com,learning,Page on kaggle.com,7,2026-03-03,Tuesday,10,0,morning
2026-03-03 07:36:22,chatgpt.com,ai_tools,Page on chatgpt.com,7,2026-03-03,Tuesday,10,0,morning
2026-03-03 08:01:53,bbc.com,news,Page on bbc.com,8,2026-03-03,Tuesday,10,0,morning
2026-03-03 08:25:17,youtube.com,video,Page on youtube.com,8,2026-03-03,Tuesday,10,0,morning
2026-03-03 08:31:53,kaggle.com,learning,Page on kaggle.com,8,2026-03-03,Tuesday,10,0,morning
2026-03-03 08:36:55,bbc.com,news,Page on bbc.com,8,2026-03-03,Tuesday,10,0,morning
2026-03-03 08:38:51,amazon.com,shopping,Page on amazon.com,8,2026-03-03,Tuesday,10,0,morning
2026-03-03 08:49:47,netflix.com,video,Page on netflix.com,8,2026-03-03,Tuesday,10,0,morning
2026-03-03 08:49:51,stackoverflow.com,learning,Page on stackoverflow.com,8,2026-03-03,Tuesday,10,0,morning
2026-03-03 08:58:38,whatsapp.com,messaging,Page on whatsapp.com,8,2026-03-03,Tuesday,10,0,morning
2026-03-03 09:08:40,twitter.com,social,Page on twitter.com,9,2026-03-03,Tuesday,10,0,morning
2026-03-03 09:14:40,github.com,learning,Page on github.com,9,2026-03-03,Tuesday,10,0,morning
2026-03-03 09:16:43,linkedin.com,professional,Page on linkedin.com,9,2026-03-03,Tuesday,10,0,morning
2026-03-03 09:23:46,reddit.com,social,Page on reddit.com,9,2026-03-03,Tuesday,10,0,morning
2026-03-03 09:26:11,github.com,learning,Page on github.com,9,2026-03-03,Tuesday,10,0,morning
2026-03-03 09:40:41,netflix.com,video,Page on netflix.com,9,2026-03-03,Tuesday,10,0,morning
2026-03-03 09:49:42,google.com,search,Page on google.com,9,2026-03-03,Tuesday,10,0,morning
2026-03-03 09:50:28,netflix.com,video,Page on netflix.com,9,2026-03-03,Tuesday,10,0,morning
2026-03-03 09:58:18,coursera.org,learning,Page on coursera.org,9,2026-03-03,Tuesday,10,0,morning
2026-03-03 10:17:53,github.com,learning,Page on github.com,10,2026-03-03,Tuesday,10,0,morning
2026-03-03 10:23:33,amazon.com,shopping,Page on amazon.com,10,2026-03-03,Tuesday,10,0,morning
2026-03-03 10:50:34,claude.ai,ai_tools,Page on claude.ai,10,2026-03-03,Tuesday,10,0,morning
2026-03-03 10:58:52,whatsapp.com,messaging,Page on whatsapp.com,10,2026-03-03,Tuesday,10,0,morning
2026-03-03 11:04:09,linkedin.com,professional,Page on linkedin.com,11,2026-03-03,Tuesday,10,0,morning
2026-03-03 11:14:55,google.com,search,Page on google.com,11,2026-03-03,Tuesday,10,0,morning
2026-03-03 11:21:51,facebook.com,social,Page on facebook.com,11,2026-03-03,Tuesday,10,0,morning
2026-03-03 11:34:07,medium.com,learning,Page on medium.com,11,2026-03-03,Tuesday,10,0,morning
2026-03-03 11:37:24,chatgpt.com,ai_tools,Page on chatgpt.com,11,2026-03-03,Tuesday,10,0,morning
2026-03-03 11:43:25,whatsapp.com,messaging,Page on whatsapp.com,11,2026-03-03,Tuesday,10,0,morning
2026-03-03 11:43:47,google.com,search,Page on google.com,11,2026-03-03,Tuesday,10,0,morning
2026-03-03 11:50:25,youtube.com,video,Page on youtube.com,11,2026-03-03,Tuesday,10,0,morning
2026-03-03 11:51:18,linkedin.com,professional,Page on linkedin.com,11,2026-03-03,Tuesday,10,0,morning
2026-03-03 11:51:35,kaggle.com,learning,Page on kaggle.com,11,2026-03-03,Tuesday,10,0,morning
2026-03-03 12:08:02,whatsapp.com,messaging,Page on whatsapp.com,12,2026-03-03,Tuesday,10,0,afternoon
2026-03-03 12:14:41,instagram.com,social,Page on instagram.com,12,2026-03-03,Tuesday,10,0,afternoon
2026-03-03 12:15:56,gmail.com,email,Page on gmail.com,12,2026-03-03,Tuesday,10,0,afternoon
2026-03-03 12:19:31,facebook.com,social,Page on facebook.com,12,2026-03-03,Tuesday,10,0,afternoon
2026-03-03 12:19:41,kaggle.com,learning,Page on kaggle.com,12,2026-03-03,Tuesday,10,0,afternoon
2026-03-03 12:23:06,google.com,search,Page on google.com,12,2026-03-03,Tuesday,10,0,afternoon
2026-03-03 12:24:29,kaggle.com,learning,Page on kaggle.com,12,2026-03-03,Tuesday,10,0,afternoon
2026-03-03 12:30:01,outlook.com,email,Page on outlook.com,12,2026-03-03,Tuesday,10,0,afternoon
2026-03-03 12:35:20,bbc.com,news,Page on bbc.com,12,2026-03-03,Tuesday,10,0,afternoon
2026-03-03 12:52:29,news.google.com,news,Page on news.google.com,12,2026-03-03,Tuesday,10,0,afternoon
2026-03-03 13:09:56,kaggle.com,learning,Page on kaggle.com,13,2026-03-03,Tuesday,10,0,afternoon
2026-03-03 13:26:37,linkedin.com,professional,Page on linkedin.com,13,2026-03-03,Tuesday,10,0,afternoon
2026-03-03 13:47:44,whatsapp.com,messaging,Page on whatsapp.com,13,2026-03-03,Tuesday,10,0,afternoon
2026-03-03 14:06:53,amazon.com,shopping,Page on amazon.com,14,2026-03-03,Tuesday,10,0,afternoon
2026-03-03 14:15:54,kaggle.com,learning,Page on kaggle.com,14,2026-03-03,Tuesday,10,0,afternoon
2026-03-03 14:17:12,whatsapp.com,messaging,Page on whatsapp.com,14,2026-03-03,Tuesday,10,0,afternoon
2026-03-03 14:23:13,medium.com,learning,Page on medium.com,14,2026-03-03,Tuesday,10,0,afternoon
2026-03-03 14:26:17,netflix.com,video,Page on netflix.com,14,2026-03-03,Tuesday,10,0,afternoon
2026-03-03 14:41:22,instagram.com,social,Page on instagram.com,14,2026-03-03,Tuesday,10,0,afternoon
2026-03-03 14:43:23,gmail.com,email,Page on gmail.com,14,2026-03-03,Tuesday,10,0,afternoon
2026-03-03 14:54:52,medium.com,learning,Page on medium.com,14,2026-03-03,Tuesday,10,0,afternoon
2026-03-03 15:21:15,discord.com,messaging,Page on discord.com,15,2026-03-03,Tuesday,10,0,afternoon
2026-03-03 15:38:01,instagram.com,social,Page on instagram.com,15,2026-03-03,Tuesday,10,0,afternoon
2026-03-03 15:42:13,google.com,search,Page on google.com,15,2026-03-03,Tuesday,10,0,afternoon
2026-03-03 15:50:36,github.com,learning,Page on github.com,15,2026-03-03,Tuesday,10,0,afternoon
2026-03-03 15:53:48,gmail.com,email,Page on gmail.com,15,2026-03-03,Tuesday,10,0,afternoon
2026-03-03 16:01:08,youtube.com,video,Page on youtube.com,16,2026-03-03,Tuesday,10,0,afternoon
2026-03-03 16:08:34,stackoverflow.com,learning,Page on stackoverflow.com,16,2026-03-03,Tuesday,10,0,afternoon
2026-03-03 16:11:07,google.com,search,Page on google.com,16,2026-03-03,Tuesday,10,0,afternoon
2026-03-03 16:14:21,chatgpt.com,ai_tools,Page on chatgpt.com,16,2026-03-03,Tuesday,10,0,afternoon
2026-03-03 16:17:54,discord.com,messaging,Page on discord.com,16,2026-03-03,Tuesday,10,0,afternoon
2026-03-03 16:20:01,github.com,learning,Page on github.com,16,2026-03-03,Tuesday,10,0,afternoon
2026-03-03 16:37:13,chatgpt.com,ai_tools,Page on chatgpt.com,16,2026-03-03,Tuesday,10,0,afternoon
2026-03-03 16:50:50,stackoverflow.com,learning,Page on stackoverflow.com,16,2026-03-03,Tuesday,10,0,afternoon
2026-03-03 16:50:57,outlook.com,email,Page on outlook.com,16,2026-03-03,Tuesday,10,0,afternoon
2026-03-03 17:03:08,linkedin.com,professional,Page on linkedin.com,17,2026-03-03,Tuesday,10,0,evening
2026-03-03 17:30:28,chatgpt.com,ai_tools,Page on chatgpt.com,17,2026-03-03,Tuesday,10,0,evening
2026-03-03 17:32:14,whatsapp.com,messaging,Page on whatsapp.com,17,2026-03-03,Tuesday,10,0,evening
2026-03-03 17:32:37,facebook.com,social,Page on facebook.com,17,2026-03-03,Tuesday,10,0,evening
2026-03-03 17:33:07,linkedin.com,professional,Page on linkedin.com,17,2026-03-03,Tuesday,10,0,evening
2026-03-03 18:02:46,bbc.com,news,Page on bbc.com,18,2026-03-03,Tuesday,10,0,evening
2026-03-03 18:04:08,coursera.org,learning,Page on coursera.org,18,2026-03-03,Tuesday,10,0,evening
2026-03-03 18:04:57,instagram.com,social,Page on instagram.com,18,2026-03-03,Tuesday,10,0,evening
2026-03-03 18:18:29,bing.com,search,Page on bing.com,18,2026-03-03,Tuesday,10,0,evening
2026-03-03 18:20:38,facebook.com,social,Page on facebook.com,18,2026-03-03,Tuesday,10,0,evening
2026-03-03 18:24:38,bing.com,search,Page on bing.com,18,2026-03-03,Tuesday,10,0,evening
2026-03-03 18:27:43,twitter.com,social,Page on twitter.com,18,2026-03-03,Tuesday,10,0,evening
2026-03-03 18:30:54,flipkart.com,shopping,Page on flipkart.com,18,2026-03-03,Tuesday,10,0,evening
2026-03-03 18:31:45,outlook.com,email,Page on outlook.com,18,2026-03-03,Tuesday,10,0,evening
2026-03-03 18:33:19,outlook.com,email,Page on outlook.com,18,2026-03-03,Tuesday,10,0,evening
2026-03-03 18:35:45,medium.com,learning,Page on medium.com,18,2026-03-03,Tuesday,10,0,evening
2026-03-03 18:39:40,chatgpt.com,ai_tools,Page on chatgpt.com,18,2026-03-03,Tuesday,10,0,evening
2026-03-03 18:41:01,netflix.com,video,Page on netflix.com,18,2026-03-03,Tuesday,10,0,evening
2026-03-03 19:06:20,gmail.com,email,Page on gmail.com,19,2026-03-03,Tuesday,10,0,evening
2026-03-03 19:20:42,coursera.org,learning,Page on coursera.org,19,2026-03-03,Tuesday,10,0,evening
2026-03-03 19:23:09,bbc.com,news,Page on bbc.com,19,2026-03-03,Tuesday,10,0,evening
2026-03-03 19:25:26,whatsapp.com,messaging,Page on whatsapp.com,19,2026-03-03,Tuesday,10,0,evening
2026-03-03 19:26:21,outlook.com,email,Page on outlook.com,19,2026-03-03,Tuesday,10,0,evening
2026-03-03 19:27:28,stackoverflow.com,learning,Page on stackoverflow.com,19,2026-03-03,Tuesday,10,0,evening
2026-03-03 19:38:27,twitter.com,social,Page on twitter.com,19,2026-03-03,Tuesday,10,0,evening
2026-03-03 19:46:55,github.com,learning,Page on github.com,19,2026-03-03,Tuesday,10,0,evening
2026-03-03 19:50:44,twitter.com,social,Page on twitter.com,19,2026-03-03,Tuesday,10,0,evening
2026-03-03 19:54:41,news.google.com,news,Page on news.google.com,19,2026-03-03,Tuesday,10,0,evening
2026-03-03 19:56:49,linkedin.com,professional,Page on linkedin.com,19,2026-03-03,Tuesday,10,0,evening
2026-03-03 19:59:30,instagram.com,social,Page on instagram.com,19,2026-03-03,Tuesday,10,0,evening
2026-03-03 20:03:18,claude.ai,ai_tools,Page on claude.ai,20,2026-03-03,Tuesday,10,0,evening
2026-03-03 20:03:37,linkedin.com,professional,Page on linkedin.com,20,2026-03-03,Tuesday,10,0,evening
2026-03-03 20:05:27,twitter.com,social,Page on twitter.com,20,2026-03-03,Tuesday,10,0,evening
2026-03-03 20:05:53,instagram.com,social,Page on instagram.com,20,2026-03-03,Tuesday,10,0,evening
2026-03-03 20:07:26,amazon.com,shopping,Page on amazon.com,20,2026-03-03,Tuesday,10,0,evening
2026-03-03 20:27:55,whatsapp.com,messaging,Page on whatsapp.com,20,2026-03-03,Tuesday,10,0,evening
2026-03-03 20:35:21,bbc.com,news,Page on bbc.com,20,2026-03-03,Tuesday,10,0,evening
2026-03-03 20:47:47,amazon.com,shopping,Page on amazon.com,20,2026-03-03,Tuesday,10,0,evening
2026-03-03 20:51:08,linkedin.com,professional,Page on linkedin.com,20,2026-03-03,Tuesday,10,0,evening
2026-03-03 20:55:42,discord.com,messaging,Page on discord.com,20,2026-03-03,Tuesday,10,0,evening
2026-03-03 21:09:42,google.com,search,Page on google.com,21,2026-03-03,Tuesday,10,0,late_night
2026-03-03 21:14:54,twitter.com,social,Page on twitter.com,21,2026-03-03,Tuesday,10,0,late_night
2026-03-03 21:17:36,stackoverflow.com,learning,Page on stackoverflow.com,21,2026-03-03,Tuesday,10,0,late_night
2026-03-03 21:19:22,twitter.com,social,Page on twitter.com,21,2026-03-03,Tuesday,10,0,late_night
2026-03-03 21:22:54,linkedin.com,professional,Page on linkedin.com,21,2026-03-03,Tuesday,10,0,late_night
2026-03-03 21:23:07,discord.com,messaging,Page on discord.com,21,2026-03-03,Tuesday,10,0,late_night
2026-03-03 21:36:32,github.com,learning,Page on github.com,21,2026-03-03,Tuesday,10,0,late_night
2026-03-03 21:49:52,claude.ai,ai_tools,Page on claude.ai,21,2026-03-03,Tuesday,10,0,late_night
2026-03-03 21:51:27,linkedin.com,professional,Page on linkedin.com,21,2026-03-03,Tuesday,10,0,late_night
2026-03-03 22:00:11,whatsapp.com,messaging,Page on whatsapp.com,22,2026-03-03,Tuesday,10,0,late_night
2026-03-03 22:01:38,whatsapp.com,messaging,Page on whatsapp.com,22,2026-03-03,Tuesday,10,0,late_night
2026-03-03 22:11:17,linkedin.com,professional,Page on linkedin.com,22,2026-03-03,Tuesday,10,0,late_night
2026-03-03 22:19:58,reddit.com,social,Page on reddit.com,22,2026-03-03,Tuesday,10,0,late_night
2026-03-03 22:36:42,reddit.com,social,Page on reddit.com,22,2026-03-03,Tuesday,10,0,late_night
2026-03-03 22:39:43,google.com,search,Page on google.com,22,2026-03-03,Tuesday,10,0,late_night
2026-03-03 22:53:44,facebook.com,social,Page on facebook.com,22,2026-03-03,Tuesday,10,0,late_night
2026-03-03 23:01:05,claude.ai,ai_tools,Page on claude.ai,23,2026-03-03,Tuesday,10,0,late_night
2026-03-03 23:09:47,outlook.com,email,Page on outlook.com,23,2026-03-03,Tuesday,10,0,late_night
2026-03-03 23:13:24,reddit.com,social,Page on reddit.com,23,2026-03-03,Tuesday,10,0,late_night
2026-03-04 07:15:45,outlook.com,email,Page on outlook.com,7,2026-03-04,Wednesday,10,0,morning
2026-03-04 07:28:33,bing.com,search,Page on bing.com,7,2026-03-04,Wednesday,10,0,morning
2026-03-04 07:41:11,netflix.com,video,Page on netflix.com,7,2026-03-04,Wednesday,10,0,morning
2026-03-04 07:45:05,bing.com,search,Page on bing.com,7,2026-03-04,Wednesday,10,0,morning
2026-03-04 08:03:50,news.google.com,news,Page on news.google.com,8,2026-03-04,Wednesday,10,0,morning
2026-03-04 08:21:06,linkedin.com,professional,Page on linkedin.com,8,2026-03-04,Wednesday,10,0,morning
2026-03-04 08:21:43,claude.ai,ai_tools,Page on claude.ai,8,2026-03-04,Wednesday,10,0,morning
2026-03-04 08:23:58,kaggle.com,learning,Page on kaggle.com,8,2026-03-04,Wednesday,10,0,morning
2026-03-04 08:24:26,discord.com,messaging,Page on discord.com,8,2026-03-04,Wednesday,10,0,morning
2026-03-04 08:39:10,amazon.com,shopping,Page on amazon.com,8,2026-03-04,Wednesday,10,0,morning
2026-03-04 08:41:21,instagram.com,social,Page on instagram.com,8,2026-03-04,Wednesday,10,0,morning
2026-03-04 09:05:19,gmail.com,email,Page on gmail.com,9,2026-03-04,Wednesday,10,0,morning
2026-03-04 09:08:38,bing.com,search,Page on bing.com,9,2026-03-04,Wednesday,10,0,morning
2026-03-04 09:09:58,coursera.org,learning,Page on coursera.org,9,2026-03-04,Wednesday,10,0,morning
2026-03-04 09:21:05,outlook.com,email,Page on outlook.com,9,2026-03-04,Wednesday,10,0,morning
2026-03-04 09:41:44,google.com,search,Page on google.com,9,2026-03-04,Wednesday,10,0,morning
2026-03-04 09:43:24,stackoverflow.com,learning,Page on stackoverflow.com,9,2026-03-04,Wednesday,10,0,morning
2026-03-04 09:46:54,google.com,search,Page on google.com,9,2026-03-04,Wednesday,10,0,morning
2026-03-04 09:58:38,claude.ai,ai_tools,Page on claude.ai,9,2026-03-04,Wednesday,10,0,morning
2026-03-04 10:05:41,google.com,search,Page on google.com,10,2026-03-04,Wednesday,10,0,morning
2026-03-04 10:08:42,bing.com,search,Page on bing.com,10,2026-03-04,Wednesday,10,0,morning
2026-03-04 10:19:11,whatsapp.com,messaging,Page on whatsapp.com,10,2026-03-04,Wednesday,10,0,morning
2026-03-04 10:21:49,amazon.com,shopping,Page on amazon.com,10,2026-03-04,Wednesday,10,0,morning
2026-03-04 10:32:23,youtube.com,video,Page on youtube.com,10,2026-03-04,Wednesday,10,0,morning
2026-03-04 10:41:50,coursera.org,learning,Page on coursera.org,10,2026-03-04,Wednesday,10,0,morning
2026-03-04 10:47:43,news.google.com,news,Page on news.google.com,10,2026-03-04,Wednesday,10,0,morning
2026-03-04 11:14:08,reddit.com,social,Page on reddit.com,11,2026-03-04,Wednesday,10,0,morning
2026-03-04 11:18:54,chatgpt.com,ai_tools,Page on chatgpt.com,11,2026-03-04,Wednesday,10,0,morning
2026-03-04 11:32:49,gmail.com,email,Page on gmail.com,11,2026-03-04,Wednesday,10,0,morning
2026-03-04 11:47:56,flipkart.com,shopping,Page on flipkart.com,11,2026-03-04,Wednesday,10,0,morning
2026-03-04 12:02:26,kaggle.com,learning,Page on kaggle.com,12,2026-03-04,Wednesday,10,0,afternoon
2026-03-04 12:09:10,github.com,learning,Page on github.com,12,2026-03-04,Wednesday,10,0,afternoon
2026-03-04 12:39:08,outlook.com,email,Page on outlook.com,12,2026-03-04,Wednesday,10,0,afternoon
2026-03-04 12:39:18,linkedin.com,professional,Page on linkedin.com,12,2026-03-04,Wednesday,10,0,afternoon
2026-03-04 12:42:21,claude.ai,ai_tools,Page on claude.ai,12,2026-03-04,Wednesday,10,0,afternoon
2026-03-04 12:44:49,google.com,search,Page on google.com,12,2026-03-04,Wednesday,10,0,afternoon
2026-03-04 12:46:15,whatsapp.com,messaging,Page on whatsapp.com,12,2026-03-04,Wednesday,10,0,afternoon
2026-03-04 12:50:28,stackoverflow.com,learning,Page on stackoverflow.com,12,2026-03-04,Wednesday,10,0,afternoon
2026-03-04 12:57:10,linkedin.com,professional,Page on linkedin.com,12,2026-03-04,Wednesday,10,0,afternoon
2026-03-04 13:12:23,google.com,search,Page on google.com,13,2026-03-04,Wednesday,10,0,afternoon
2026-03-04 13:15:19,whatsapp.com,messaging,Page on whatsapp.com,13,2026-03-04,Wednesday,10,0,afternoon
2026-03-04 13:18:49,kaggle.com,learning,Page on kaggle.com,13,2026-03-04,Wednesday,10,0,afternoon
2026-03-04 13:33:26,whatsapp.com,messaging,Page on whatsapp.com,13,2026-03-04,Wednesday,10,0,afternoon
2026-03-04 13:36:28,medium.com,learning,Page on medium.com,13,2026-03-04,Wednesday,10,0,afternoon
2026-03-04 13:50:30,news.google.com,news,Page on news.google.com,13,2026-03-04,Wednesday,10,0,afternoon
2026-03-04 14:08:55,stackoverflow.com,learning,Page on stackoverflow.com,14,2026-03-04,Wednesday,10,0,afternoon
2026-03-04 14:18:05,linkedin.com,professional,Page on linkedin.com,14,2026-03-04,Wednesday,10,0,afternoon
2026-03-04 14:35:59,facebook.com,social,Page on facebook.com,14,2026-03-04,Wednesday,10,0,afternoon
2026-03-04 14:41:30,claude.ai,ai_tools,Page on claude.ai,14,2026-03-04,Wednesday,10,0,afternoon
2026-03-04 14:52:12,chatgpt.com,ai_tools,Page on chatgpt.com,14,2026-03-04,Wednesday,10,0,afternoon
2026-03-04 14:54:33,claude.ai,ai_tools,Page on claude.ai,14,2026-03-04,Wednesday,10,0,afternoon
2026-03-04 15:05:23,github.com,learning,Page on github.com,15,2026-03-04,Wednesday,10,0,afternoon
2026-03-04 15:09:53,medium.com,learning,Page on medium.com,15,2026-03-04,Wednesday,10,0,afternoon
2026-03-04 15:17:28,news.google.com,news,Page on news.google.com,15,2026-03-04,Wednesday,10,0,afternoon
2026-03-04 15:20:59,twitter.com,social,Page on twitter.com,15,2026-03-04,Wednesday,10,0,afternoon
2026-03-04 15:23:15,kaggle.com,learning,Page on kaggle.com,15,2026-03-04,Wednesday,10,0,afternoon
2026-03-04 15:26:03,kaggle.com,learning,Page on kaggle.com,15,2026-03-04,Wednesday,10,0,afternoon
2026-03-04 15:45:41,coursera.org,learning,Page on coursera.org,15,2026-03-04,Wednesday,10,0,afternoon
2026-03-04 15:56:22,ndtv.com,news,Page on ndtv.com,15,2026-03-04,Wednesday,10,0,afternoon
2026-03-04 15:58:14,chatgpt.com,ai_tools,Page on chatgpt.com,15,2026-03-04,Wednesday,10,0,afternoon
2026-03-04 16:07:49,stackoverflow.com,learning,Page on stackoverflow.com,16,2026-03-04,Wednesday,10,0,afternoon
2026-03-04 16:09:08,netflix.com,video,Page on netflix.com,16,2026-03-04,Wednesday,10,0,afternoon
2026-03-04 16:13:53,reddit.com,social,Page on reddit.com,16,2026-03-04,Wednesday,10,0,afternoon
2026-03-04 16:30:28,outlook.com,email,Page on outlook.com,16,2026-03-04,Wednesday,10,0,afternoon
2026-03-04 16:46:38,flipkart.com,shopping,Page on flipkart.com,16,2026-03-04,Wednesday,10,0,afternoon
2026-03-04 16:53:08,linkedin.com,professional,Page on linkedin.com,16,2026-03-04,Wednesday,10,0,afternoon
2026-03-04 16:57:05,youtube.com,video,Page on youtube.com,16,2026-03-04,Wednesday,10,0,afternoon
2026-03-04 16:58:53,medium.com,learning,Page on medium.com,16,2026-03-04,Wednesday,10,0,afternoon
2026-03-04 17:01:40,flipkart.com,shopping,Page on flipkart.com,17,2026-03-04,Wednesday,10,0,evening
2026-03-04 17:15:36,kaggle.com,learning,Page on kaggle.com,17,2026-03-04,Wednesday,10,0,evening
2026-03-04 17:15:45,reddit.com,social,Page on reddit.com,17,2026-03-04,Wednesday,10,0,evening
2026-03-04 17:19:07,instagram.com,social,Page on instagram.com,17,2026-03-04,Wednesday,10,0,evening
2026-03-04 17:26:40,chatgpt.com,ai_tools,Page on chatgpt.com,17,2026-03-04,Wednesday,10,0,evening
2026-03-04 17:27:00,outlook.com,email,Page on outlook.com,17,2026-03-04,Wednesday,10,0,evening
2026-03-04 17:29:04,facebook.com,social,Page on facebook.com,17,2026-03-04,Wednesday,10,0,evening
2026-03-04 17:57:31,outlook.com,email,Page on outlook.com,17,2026-03-04,Wednesday,10,0,evening
2026-03-04 18:01:22,instagram.com,social,Page on instagram.com,18,2026-03-04,Wednesday,10,0,evening
2026-03-04 18:01:24,google.com,search,Page on google.com,18,2026-03-04,Wednesday,10,0,evening
2026-03-04 18:02:22,linkedin.com,professional,Page on linkedin.com,18,2026-03-04,Wednesday,10,0,evening
2026-03-04 18:02:40,flipkart.com,shopping,Page on flipkart.com,18,2026-03-04,Wednesday,10,0,evening
2026-03-04 18:21:52,news.google.com,news,Page on news.google.com,18,2026-03-04,Wednesday,10,0,evening
2026-03-04 18:22:15,whatsapp.com,messaging,Page on whatsapp.com,18,2026-03-04,Wednesday,10,0,evening
2026-03-04 18:23:16,whatsapp.com,messaging,Page on whatsapp.com,18,2026-03-04,Wednesday,10,0,evening
2026-03-04 18:33:23,instagram.com,social,Page on instagram.com,18,2026-03-04,Wednesday,10,0,evening
2026-03-04 18:33:34,bing.com,search,Page on bing.com,18,2026-03-04,Wednesday,10,0,evening
2026-03-04 18:42:40,twitter.com,social,Page on twitter.com,18,2026-03-04,Wednesday,10,0,evening
2026-03-04 18:42:42,instagram.com,social,Page on instagram.com,18,2026-03-04,Wednesday,10,0,evening
2026-03-04 18:48:21,facebook.com,social,Page on facebook.com,18,2026-03-04,Wednesday,10,0,evening
2026-03-04 18:49:37,whatsapp.com,messaging,Page on whatsapp.com,18,2026-03-04,Wednesday,10,0,evening
2026-03-04 18:50:32,linkedin.com,professional,Page on linkedin.com,18,2026-03-04,Wednesday,10,0,evening
2026-03-04 19:02:18,github.com,learning,Page on github.com,19,2026-03-04,Wednesday,10,0,evening
2026-03-04 19:02:50,github.com,learning,Page on github.com,19,2026-03-04,Wednesday,10,0,evening
2026-03-04 19:11:53,discord.com,messaging,Page on discord.com,19,2026-03-04,Wednesday,10,0,evening
2026-03-04 19:25:52,linkedin.com,professional,Page on linkedin.com,19,2026-03-04,Wednesday,10,0,evening
2026-03-04 19:30:40,reddit.com,social,Page on reddit.com,19,2026-03-04,Wednesday,10,0,evening
2026-03-04 19:43:29,ndtv.com,news,Page on ndtv.com,19,2026-03-04,Wednesday,10,0,evening
2026-03-04 19:45:49,outlook.com,email,Page on outlook.com,19,2026-03-04,Wednesday,10,0,evening
2026-03-04 19:51:08,instagram.com,social,Page on instagram.com,19,2026-03-04,Wednesday,10,0,evening
2026-03-04 19:56:02,medium.com,learning,Page on medium.com,19,2026-03-04,Wednesday,10,0,evening
2026-03-04 19:59:19,bing.com,search,Page on bing.com,19,2026-03-04,Wednesday,10,0,evening
2026-03-04 20:03:55,news.google.com,news,Page on news.google.com,20,2026-03-04,Wednesday,10,0,evening
2026-03-04 20:18:22,discord.com,messaging,Page on discord.com,20,2026-03-04,Wednesday,10,0,evening
2026-03-04 20:21:17,twitter.com,social,Page on twitter.com,20,2026-03-04,Wednesday,10,0,evening
2026-03-04 20:30:16,netflix.com,video,Page on netflix.com,20,2026-03-04,Wednesday,10,0,evening
2026-03-04 20:48:41,github.com,learning,Page on github.com,20,2026-03-04,Wednesday,10,0,evening
2026-03-04 21:21:11,google.com,search,Page on google.com,21,2026-03-04,Wednesday,10,0,late_night
2026-03-04 21:28:57,flipkart.com,shopping,Page on flipkart.com,21,2026-03-04,Wednesday,10,0,late_night
2026-03-04 21:51:23,gmail.com,email,Page on gmail.com,21,2026-03-04,Wednesday,10,0,late_night
2026-03-04 21:56:25,whatsapp.com,messaging,Page on whatsapp.com,21,2026-03-04,Wednesday,10,0,late_night
2026-03-04 22:05:46,reddit.com,social,Page on reddit.com,22,2026-03-04,Wednesday,10,0,late_night
2026-03-04 22:06:05,facebook.com,social,Page on facebook.com,22,2026-03-04,Wednesday,10,0,late_night
2026-03-04 22:11:34,facebook.com,social,Page on facebook.com,22,2026-03-04,Wednesday,10,0,late_night
2026-03-04 22:18:19,github.com,learning,Page on github.com,22,2026-03-04,Wednesday,10,0,late_night
2026-03-04 22:27:38,discord.com,messaging,Page on discord.com,22,2026-03-04,Wednesday,10,0,late_night
2026-03-04 22:28:22,github.com,learning,Page on github.com,22,2026-03-04,Wednesday,10,0,late_night
2026-03-04 22:44:31,reddit.com,social,Page on reddit.com,22,2026-03-04,Wednesday,10,0,late_night
2026-03-04 22:45:27,instagram.com,social,Page on instagram.com,22,2026-03-04,Wednesday,10,0,late_night
2026-03-04 22:51:33,facebook.com,social,Page on facebook.com,22,2026-03-04,Wednesday,10,0,late_night
2026-03-04 23:39:27,facebook.com,social,Page on facebook.com,23,2026-03-04,Wednesday,10,0,late_night
2026-03-04 23:46:55,whatsapp.com,messaging,Page on whatsapp.com,23,2026-03-04,Wednesday,10,0,late_night
2026-03-04 23:50:03,netflix.com,video,Page on netflix.com,23,2026-03-04,Wednesday,10,0,late_night
2026-03-05 06:06:20,stackoverflow.com,learning,Page on stackoverflow.com,6,2026-03-05,Thursday,10,0,morning
2026-03-05 06:29:07,coursera.org,learning,Page on coursera.org,6,2026-03-05,Thursday,10,0,morning
2026-03-05 07:06:03,kaggle.com,learning,Page on kaggle.com,7,2026-03-05,Thursday,10,0,morning
2026-03-05 07:24:55,claude.ai,ai_tools,Page on claude.ai,7,2026-03-05,Thursday,10,0,morning
2026-03-05 07:28:15,facebook.com,social,Page on facebook.com,7,2026-03-05,Thursday,10,0,morning
2026-03-05 08:01:05,flipkart.com,shopping,Page on flipkart.com,8,2026-03-05,Thursday,10,0,morning
2026-03-05 08:26:15,reddit.com,social,Page on reddit.com,8,2026-03-05,Thursday,10,0,morning
2026-03-05 08:32:29,google.com,search,Page on google.com,8,2026-03-05,Thursday,10,0,morning
2026-03-05 08:46:20,github.com,learning,Page on github.com,8,2026-03-05,Thursday,10,0,morning
2026-03-05 08:48:10,google.com,search,Page on google.com,8,2026-03-05,Thursday,10,0,morning
2026-03-05 08:52:20,chatgpt.com,ai_tools,Page on chatgpt.com,8,2026-03-05,Thursday,10,0,morning
2026-03-05 08:56:19,google.com,search,Page on google.com,8,2026-03-05,Thursday,10,0,morning
2026-03-05 09:03:18,amazon.com,shopping,Page on amazon.com,9,2026-03-05,Thursday,10,0,morning
2026-03-05 09:12:23,gmail.com,email,Page on gmail.com,9,2026-03-05,Thursday,10,0,morning
2026-03-05 09:13:37,coursera.org,learning,Page on coursera.org,9,2026-03-05,Thursday,10,0,morning
2026-03-05 09:25:03,gmail.com,email,Page on gmail.com,9,2026-03-05,Thursday,10,0,morning
2026-03-05 09:30:18,gmail.com,email,Page on gmail.com,9,2026-03-05,Thursday,10,0,morning
2026-03-05 09:32:29,whatsapp.com,messaging,Page on whatsapp.com,9,2026-03-05,Thursday,10,0,morning
2026-03-05 09:48:25,kaggle.com,learning,Page on kaggle.com,9,2026-03-05,Thursday,10,0,morning
2026-03-05 09:54:06,medium.com,learning,Page on medium.com,9,2026-03-05,Thursday,10,0,morning
2026-03-05 09:56:16,linkedin.com,professional,Page on linkedin.com,9,2026-03-05,Thursday,10,0,morning
2026-03-05 09:56:53,google.com,search,Page on google.com,9,2026-03-05,Thursday,10,0,morning
2026-03-05 10:02:02,netflix.com,video,Page on netflix.com,10,2026-03-05,Thursday,10,0,morning
2026-03-05 10:04:24,amazon.com,shopping,Page on amazon.com,10,2026-03-05,Thursday,10,0,morning
2026-03-05 10:08:06,kaggle.com,learning,Page on kaggle.com,10,2026-03-05,Thursday,10,0,morning
2026-03-05 10:23:48,reddit.com,social,Page on reddit.com,10,2026-03-05,Thursday,10,0,morning
2026-03-05 10:33:29,reddit.com,social,Page on reddit.com,10,2026-03-05,Thursday,10,0,morning
2026-03-05 10:38:32,kaggle.com,learning,Page on kaggle.com,10,2026-03-05,Thursday,10,0,morning
2026-03-05 10:39:43,outlook.com,email,Page on outlook.com,10,2026-03-05,Thursday,10,0,morning
2026-03-05 10:45:21,chatgpt.com,ai_tools,Page on chatgpt.com,10,2026-03-05,Thursday,10,0,morning
2026-03-05 10:48:35,stackoverflow.com,learning,Page on stackoverflow.com,10,2026-03-05,Thursday,10,0,morning
2026-03-05 10:50:21,gmail.com,email,Page on gmail.com,10,2026-03-05,Thursday,10,0,morning
2026-03-05 10:57:32,reddit.com,social,Page on reddit.com,10,2026-03-05,Thursday,10,0,morning
2026-03-05 10:59:39,coursera.org,learning,Page on coursera.org,10,2026-03-05,Thursday,10,0,morning
2026-03-05 11:19:37,coursera.org,learning,Page on coursera.org,11,2026-03-05,Thursday,10,0,morning
2026-03-05 11:25:39,linkedin.com,professional,Page on linkedin.com,11,2026-03-05,Thursday,10,0,morning
2026-03-05 11:43:07,discord.com,messaging,Page on discord.com,11,2026-03-05,Thursday,10,0,morning
2026-03-05 11:45:36,stackoverflow.com,learning,Page on stackoverflow.com,11,2026-03-05,Thursday,10,0,morning
2026-03-05 11:52:01,kaggle.com,learning,Page on kaggle.com,11,2026-03-05,Thursday,10,0,morning
2026-03-05 11:53:32,flipkart.com,shopping,Page on flipkart.com,11,2026-03-05,Thursday,10,0,morning
2026-03-05 12:01:28,coursera.org,learning,Page on coursera.org,12,2026-03-05,Thursday,10,0,afternoon
2026-03-05 12:01:38,medium.com,learning,Page on medium.com,12,2026-03-05,Thursday,10,0,afternoon
2026-03-05 12:03:37,amazon.com,shopping,Page on amazon.com,12,2026-03-05,Thursday,10,0,afternoon
2026-03-05 12:33:40,linkedin.com,professional,Page on linkedin.com,12,2026-03-05,Thursday,10,0,afternoon
2026-03-05 12:36:44,facebook.com,social,Page on facebook.com,12,2026-03-05,Thursday,10,0,afternoon
2026-03-05 12:37:19,chatgpt.com,ai_tools,Page on chatgpt.com,12,2026-03-05,Thursday,10,0,afternoon
2026-03-05 12:37:36,github.com,learning,Page on github.com,12,2026-03-05,Thursday,10,0,afternoon
2026-03-05 12:41:50,discord.com,messaging,Page on discord.com,12,2026-03-05,Thursday,10,0,afternoon
2026-03-05 12:46:55,bing.com,search,Page on bing.com,12,2026-03-05,Thursday,10,0,afternoon
2026-03-05 12:49:53,kaggle.com,learning,Page on kaggle.com,12,2026-03-05,Thursday,10,0,afternoon
2026-03-05 12:52:43,stackoverflow.com,learning,Page on stackoverflow.com,12,2026-03-05,Thursday,10,0,afternoon
2026-03-05 13:08:33,github.com,learning,Page on github.com,13,2026-03-05,Thursday,10,0,afternoon
2026-03-05 13:09:26,bing.com,search,Page on bing.com,13,2026-03-05,Thursday,10,0,afternoon
2026-03-05 13:20:42,amazon.com,shopping,Page on amazon.com,13,2026-03-05,Thursday,10,0,afternoon
2026-03-05 13:24:20,whatsapp.com,messaging,Page on whatsapp.com,13,2026-03-05,Thursday,10,0,afternoon
2026-03-05 13:26:32,chatgpt.com,ai_tools,Page on chatgpt.com,13,2026-03-05,Thursday,10,0,afternoon
2026-03-05 13:47:46,instagram.com,social,Page on instagram.com,13,2026-03-05,Thursday,10,0,afternoon
2026-03-05 13:58:30,claude.ai,ai_tools,Page on claude.ai,13,2026-03-05,Thursday,10,0,afternoon
2026-03-05 14:17:35,stackoverflow.com,learning,Page on stackoverflow.com,14,2026-03-05,Thursday,10,0,afternoon
2026-03-05 14:19:49,stackoverflow.com,learning,Page on stackoverflow.com,14,2026-03-05,Thursday,10,0,afternoon
2026-03-05 14:29:58,flipkart.com,shopping,Page on flipkart.com,14,2026-03-05,Thursday,10,0,afternoon
2026-03-05 14:30:12,whatsapp.com,messaging,Page on whatsapp.com,14,2026-03-05,Thursday,10,0,afternoon
2026-03-05 14:34:22,google.com,search,Page on google.com,14,2026-03-05,Thursday,10,0,afternoon
2026-03-05 14:51:44,stackoverflow.com,learning,Page on stackoverflow.com,14,2026-03-05,Thursday,10,0,afternoon
2026-03-05 14:55:46,google.com,search,Page on google.com,14,2026-03-05,Thursday,10,0,afternoon
2026-03-05 15:13:44,bing.com,search,Page on bing.com,15,2026-03-05,Thursday,10,0,afternoon
2026-03-05 15:17:18,facebook.com,social,Page on facebook.com,15,2026-03-05,Thursday,10,0,afternoon
2026-03-05 15:20:30,coursera.org,learning,Page on coursera.org,15,2026-03-05,Thursday,10,0,afternoon
2026-03-05 15:59:59,chatgpt.com,ai_tools,Page on chatgpt.com,15,2026-03-05,Thursday,10,0,afternoon
2026-03-05 16:02:18,whatsapp.com,messaging,Page on whatsapp.com,16,2026-03-05,Thursday,10,0,afternoon
2026-03-05 16:05:22,bbc.com,news,Page on bbc.com,16,2026-03-05,Thursday,10,0,afternoon
2026-03-05 16:13:12,claude.ai,ai_tools,Page on claude.ai,16,2026-03-05,Thursday,10,0,afternoon
2026-03-05 16:25:52,coursera.org,learning,Page on coursera.org,16,2026-03-05,Thursday,10,0,afternoon
2026-03-05 16:41:16,linkedin.com,professional,Page on linkedin.com,16,2026-03-05,Thursday,10,0,afternoon
2026-03-05 16:43:34,kaggle.com,learning,Page on kaggle.com,16,2026-03-05,Thursday,10,0,afternoon
2026-03-05 16:49:51,reddit.com,social,Page on reddit.com,16,2026-03-05,Thursday,10,0,afternoon
2026-03-05 17:03:42,news.google.com,news,Page on news.google.com,17,2026-03-05,Thursday,10,0,evening
2026-03-05 17:06:26,coursera.org,learning,Page on coursera.org,17,2026-03-05,Thursday,10,0,evening
2026-03-05 17:08:00,whatsapp.com,messaging,Page on whatsapp.com,17,2026-03-05,Thursday,10,0,evening
2026-03-05 17:14:40,stackoverflow.com,learning,Page on stackoverflow.com,17,2026-03-05,Thursday,10,0,evening
2026-03-05 17:17:08,facebook.com,social,Page on facebook.com,17,2026-03-05,Thursday,10,0,evening
2026-03-05 17:17:59,gmail.com,email,Page on gmail.com,17,2026-03-05,Thursday,10,0,evening
2026-03-05 17:18:20,stackoverflow.com,learning,Page on stackoverflow.com,17,2026-03-05,Thursday,10,0,evening
2026-03-05 17:30:06,bing.com,search,Page on bing.com,17,2026-03-05,Thursday,10,0,evening
2026-03-05 17:30:41,github.com,learning,Page on github.com,17,2026-03-05,Thursday,10,0,evening
2026-03-05 17:47:37,stackoverflow.com,learning,Page on stackoverflow.com,17,2026-03-05,Thursday,10,0,evening
2026-03-05 17:59:10,kaggle.com,learning,Page on kaggle.com,17,2026-03-05,Thursday,10,0,evening
2026-03-05 17:59:56,claude.ai,ai_tools,Page on claude.ai,17,2026-03-05,Thursday,10,0,evening
2026-03-05 18:03:58,discord.com,messaging,Page on discord.com,18,2026-03-05,Thursday,10,0,evening
2026-03-05 18:05:41,chatgpt.com,ai_tools,Page on chatgpt.com,18,2026-03-05,Thursday,10,0,evening
2026-03-05 18:11:59,whatsapp.com,messaging,Page on whatsapp.com,18,2026-03-05,Thursday,10,0,evening
2026-03-05 18:14:34,whatsapp.com,messaging,Page on whatsapp.com,18,2026-03-05,Thursday,10,0,evening
2026-03-05 18:26:56,reddit.com,social,Page on reddit.com,18,2026-03-05,Thursday,10,0,evening
2026-03-05 18:46:54,netflix.com,video,Page on netflix.com,18,2026-03-05,Thursday,10,0,evening
2026-03-05 18:53:25,google.com,search,Page on google.com,18,2026-03-05,Thursday,10,0,evening
2026-03-05 18:55:59,kaggle.com,learning,Page on kaggle.com,18,2026-03-05,Thursday,10,0,evening
2026-03-05 18:56:02,youtube.com,video,Page on youtube.com,18,2026-03-05,Thursday,10,0,evening
2026-03-05 18:58:58,reddit.com,social,Page on reddit.com,18,2026-03-05,Thursday,10,0,evening
2026-03-05 18:59:58,netflix.com,video,Page on netflix.com,18,2026-03-05,Thursday,10,0,evening
2026-03-05 19:06:59,medium.com,learning,Page on medium.com,19,2026-03-05,Thursday,10,0,evening
2026-03-05 19:10:46,outlook.com,email,Page on outlook.com,19,2026-03-05,Thursday,10,0,evening
2026-03-05 19:11:00,whatsapp.com,messaging,Page on whatsapp.com,19,2026-03-05,Thursday,10,0,evening
2026-03-05 19:12:11,claude.ai,ai_tools,Page on claude.ai,19,2026-03-05,Thursday,10,0,evening
2026-03-05 19:18:29,news.google.com,news,Page on news.google.com,19,2026-03-05,Thursday,10,0,evening
2026-03-05 19:19:36,claude.ai,ai_tools,Page on claude.ai,19,2026-03-05,Thursday,10,0,evening
2026-03-05 19:21:50,kaggle.com,learning,Page on kaggle.com,19,2026-03-05,Thursday,10,0,evening
2026-03-05 19:29:17,github.com,learning,Page on github.com,19,2026-03-05,Thursday,10,0,evening
2026-03-05 19:34:33,google.com,search,Page on google.com,19,2026-03-05,Thursday,10,0,evening
2026-03-05 19:36:43,discord.com,messaging,Page on discord.com,19,2026-03-05,Thursday,10,0,evening
2026-03-05 19:41:16,ndtv.com,news,Page on ndtv.com,19,2026-03-05,Thursday,10,0,evening
2026-03-05 19:51:07,medium.com,learning,Page on medium.com,19,2026-03-05,Thursday,10,0,evening
2026-03-05 19:56:08,bing.com,search,Page on bing.com,19,2026-03-05,Thursday,10,0,evening
2026-03-05 20:08:30,medium.com,learning,Page on medium.com,20,2026-03-05,Thursday,10,0,evening
2026-03-05 20:16:24,stackoverflow.com,learning,Page on stackoverflow.com,20,2026-03-05,Thursday,10,0,evening
2026-03-05 20:20:05,flipkart.com,shopping,Page on flipkart.com,20,2026-03-05,Thursday,10,0,evening
2026-03-05 20:21:19,chatgpt.com,ai_tools,Page on chatgpt.com,20,2026-03-05,Thursday,10,0,evening
2026-03-05 20:28:48,coursera.org,learning,Page on coursera.org,20,2026-03-05,Thursday,10,0,evening
2026-03-05 20:42:06,reddit.com,social,Page on reddit.com,20,2026-03-05,Thursday,10,0,evening
2026-03-05 20:52:27,bing.com,search,Page on bing.com,20,2026-03-05,Thursday,10,0,evening
2026-03-05 20:54:40,flipkart.com,shopping,Page on flipkart.com,20,2026-03-05,Thursday,10,0,evening
2026-03-05 20:59:15,youtube.com,video,Page on youtube.com,20,2026-03-05,Thursday,10,0,evening
2026-03-05 21:16:41,amazon.com,shopping,Page on amazon.com,21,2026-03-05,Thursday,10,0,late_night
2026-03-05 21:19:10,flipkart.com,shopping,Page on flipkart.com,21,2026-03-05,Thursday,10,0,late_night
2026-03-05 21:42:07,outlook.com,email,Page on outlook.com,21,2026-03-05,Thursday,10,0,late_night
2026-03-05 21:43:32,ndtv.com,news,Page on ndtv.com,21,2026-03-05,Thursday,10,0,late_night
2026-03-05 21:44:15,netflix.com,video,Page on netflix.com,21,2026-03-05,Thursday,10,0,late_night
2026-03-05 21:46:36,youtube.com,video,Page on youtube.com,21,2026-03-05,Thursday,10,0,late_night
2026-03-05 22:08:30,instagram.com,social,Page on instagram.com,22,2026-03-05,Thursday,10,0,late_night
2026-03-05 22:23:39,twitter.com,social,Page on twitter.com,22,2026-03-05,Thursday,10,0,late_night
2026-03-05 22:40:58,whatsapp.com,messaging,Page on whatsapp.com,22,2026-03-05,Thursday,10,0,late_night
2026-03-05 22:44:35,whatsapp.com,messaging,Page on whatsapp.com,22,2026-03-05,Thursday,10,0,late_night
2026-03-05 22:47:38,reddit.com,social,Page on reddit.com,22,2026-03-05,Thursday,10,0,late_night
2026-03-05 22:48:34,bbc.com,news,Page on bbc.com,22,2026-03-05,Thursday,10,0,late_night
2026-03-05 22:49:19,bing.com,search,Page on bing.com,22,2026-03-05,Thursday,10,0,late_night
2026-03-05 23:33:45,reddit.com,social,Page on reddit.com,23,2026-03-05,Thursday,10,0,late_night
2026-03-05 23:43:48,flipkart.com,shopping,Page on flipkart.com,23,2026-03-05,Thursday,10,0,late_night
2026-03-05 23:50:05,medium.com,learning,Page on medium.com,23,2026-03-05,Thursday,10,0,late_night
2026-03-05 23:52:13,news.google.com,news,Page on news.google.com,23,2026-03-05,Thursday,10,0,late_night
2026-03-05 23:53:35,whatsapp.com,messaging,Page on whatsapp.com,23,2026-03-05,Thursday,10,0,late_night
2026-03-05 23:58:36,instagram.com,social,Page on instagram.com,23,2026-03-05,Thursday,10,0,late_night
