timestamp,domain,category,title,hour,date,day_name,week,is_weekend,time_block,ram_used_mb,ram_available_mb,browser_ram_mb,cpu_percent
2026-03-01 00:35:10,facebook.com,social,Page on facebook.com,0,2026-03-01,Sunday,9,1,late_night,5009.5,11374.5,589.6,50.3
2026-03-01 07:13:59,linkedin.com,professional,Page on linkedin.com,7,2026-03-01,Sunday,9,1,morning,5049.6,11334.4,762.9,57.0
2026-03-01 07:48:46,ndtv.com,news,Page on ndtv.com,7,2026-03-01,Sunday,9,1,morning,5069.6,11314.4,598.6,26.1
2026-03-01 07:55:38,gmail.com,email,Page on gmail.com,7,2026-03-01,Sunday,9,1,morning,5419.9,10964.1,637.2,52.2
2026-03-01 08:01:37,linkedin.com,professional,Page on linkedin.com,8,2026-03-01,Sunday,9,1,morning,5908.1,10475.9,893.5,57.0
2026-03-01 08:12:45,kaggle.com,learning,Page on kaggle.com,8,2026-03-01,Sunday,9,1,morning,6366.9,10017.1,929.9,62.1
2026-03-01 08:14:04,medium.com,learning,Page on medium.com,8,2026-03-01,Sunday,9,1,morning,4202.8,12181.2,572.4,23.8
2026-03-01 08:23:28,bing.com,search,Page on bing.com,8,2026-03-01,Sunday,9,1,morning,6046.7,10337.3,762.9,70.2
2026-03-01 08:25:42,news.google.com,news,Page on news.google.com,8,2026-03-01,Sunday,9,1,morning,6118.7,10265.3,763.9,71.2
2026-03-01 08:28:07,stackoverflow.com,learning,Page on stackoverflow.com,8,2026-03-01,Sunday,9,1,morning,5834.2,10549.8,756.9,16.3
2026-03-01 09:04:45,google.com,search,Page on google.com,9,2026-03-01,Sunday,9,1,morning,6873.1,9510.9,1057.9,39.5
2026-03-01 09:06:42,medium.com,learning,Page on medium.com,9,2026-03-01,Sunday,9,1,morning,6659.1,9724.9,808.3,36.9
2026-03-01 09:13:34,reddit.com,social,Page on reddit.com,9,2026-03-01,Sunday,9,1,morning,6721.2,9662.8,848.3,52.9
2026-03-01 09:14:04,news.google.com,news,Page on news.google.com,9,2026-03-01,Sunday,9,1,morning,7976.3,8407.7,1102.7,58.0
2026-03-01 09:14:37,github.com,learning,Page on github.com,9,2026-03-01,Sunday,9,1,morning,8308.7,8075.3,1158.7,13.1
2026-03-01 09:15:17,google.com,search,Page on google.com,9,2026-03-01,Sunday,9,1,morning,6449.9,9934.1,968.8,12.5
2026-03-01 09:27:26,medium.com,learning,Page on medium.com,9,2026-03-01,Sunday,9,1,morning,7010.4,9373.6,815.5,30.8
2026-03-01 09:30:15,chatgpt.com,ai_tools,Page on chatgpt.com,9,2026-03-01,Sunday,9,1,morning,6398.9,9985.1,929.4,7.9
2026-03-01 09:41:06,instagram.com,social,Page on instagram.com,9,2026-03-01,Sunday,9,1,morning,6085.3,10298.7,875.2,37.2
2026-03-01 09:46:03,google.com,search,Page on google.com,9,2026-03-01,Sunday,9,1,morning,6598.9,9785.1,903.9,85.6
2026-03-01 09:51:26,github.com,learning,Page on github.com,9,2026-03-01,Sunday,9,1,morning,7219.6,9164.4,1007.2,66.9
2026-03-01 09:55:21,instagram.com,social,Page on instagram.com,9,2026-03-01,Sunday,9,1,morning,7235.2,9148.8,950.7,8.1
2026-03-01 09:59:56,gmail.com,email,Page on gmail.com,9,2026-03-01,Sunday,9,1,morning,7013.5,9370.5,1153.1,62.6
2026-03-01 10:05:59,linkedin.com,professional,Page on linkedin.com,10,2026-03-01,Sunday,9,1,morning,6563.7,9820.3,827.7,44.1
2026-03-01 10:06:03,google.com,search,Page on google.com,10,2026-03-01,Sunday,9,1,morning,6563.7,9820.3,827.7,44.1
2026-03-01 10:06:15,github.com,learning,Page on github.com,10,2026-03-01,Sunday,9,1,morning,7907.6,8476.4,923.9,13.9
2026-03-01 10:11:17,medium.com,learning,Page on medium.com,10,2026-03-01,Sunday,9,1,morning,7264.6,9119.4,1108.3,19.7
2026-03-01 10:15:10,kaggle.com,learning,Page on kaggle.com,10,2026-03-01,Sunday,9,1,morning,8477.1,7906.9,1116.6,40.9
2026-03-01 10:34:28,reddit.com,social,Page on reddit.com,10,2026-03-01,Sunday,9,1,morning,7381.4,9002.6,1026.1,73.9
2026-03-01 10:34:53,youtube.com,video,Page on youtube.com,10,2026-03-01,Sunday,9,1,morning,7865.9,8518.1,1140.1,24.7
2026-03-01 10:46:21,chatgpt.com,ai_tools,Page on chatgpt.com,10,2026-03-01,Sunday,9,1,morning,8202.1,8181.9,1149.5,110.0
2026-03-01 10:51:55,claude.ai,ai_tools,Page on claude.ai,10,2026-03-01,Sunday,9,1,morning,6346.2,10037.8,911.5,23.7
2026-03-01 10:55:59,twitter.com,social,Page on twitter.com,10,2026-03-01,Sunday,9,1,morning,6148.0,10236.0,873.1,24.2
2026-03-01 11:00:24,stackoverflow.com,learning,Page on stackoverflow.com,11,2026-03-01,Sunday,9,1,morning,8253.0,8131.0,1110.6,51.1
2026-03-01 11:13:03,gmail.com,email,Page on gmail.com,11,2026-03-01,Sunday,9,1,morning,6373.3,10010.7,812.8,11.6
2026-03-01 11:27:44,whatsapp.com,messaging,Page on whatsapp.com,11,2026-03-01,Sunday,9,1,morning,6913.4,9470.6,981.8,51.8
2026-03-01 11:30:13,claude.ai,ai_tools,Page on claude.ai,11,2026-03-01,Sunday,9,1,morning,7593.7,8790.3,1097.6,76.7
2026-03-01 11:31:09,github.com,learning,Page on github.com,11,2026-03-01,Sunday,9,1,morning,6524.2,9859.8,932.4,69.1
2026-03-01 11:50:35,google.com,search,Page on google.com,11,2026-03-01,Sunday,9,1,morning,6496.1,9887.9,821.9,41.1
2026-03-01 11:50:50,medium.com,learning,Page on medium.com,11,2026-03-01,Sunday,9,1,morning,6480.7,9903.3,992.6,10.5
2026-03-01 11:57:03,github.com,learning,Page on github.com,11,2026-03-01,Sunday,9,1,morning,5959.2,10424.8,785.0,31.4
2026-03-01 12:03:03,outlook.com,email,Page on outlook.com,12,2026-03-01,Sunday,9,1,afternoon,6018.6,10365.4,935.9,38.7
2026-03-01 12:05:54,github.com,learning,Page on github.com,12,2026-03-01,Sunday,9,1,afternoon,7352.7,9031.3,885.7,82.1
2026-03-01 12:10:03,whatsapp.com,messaging,Page on whatsapp.com,12,2026-03-01,Sunday,9,1,afternoon,7639.8,8744.2,1060.9,61.3
2026-03-01 12:32:58,claude.ai,ai_tools,Page on claude.ai,12,2026-03-01,Sunday,9,1,afternoon,8220.2,8163.8,1074.8,27.6
2026-03-01 12:34:03,linkedin.com,professional,Page on linkedin.com,12,2026-03-01,Sunday,9,1,afternoon,8080.0,8304.0,1215.3,32.9
2026-03-01 13:13:42,linkedin.com,professional,Page on linkedin.com,13,2026-03-01,Sunday,9,1,afternoon,6624.3,9759.7,886.4,82.0
2026-03-01 13:15:16,kaggle.com,learning,Page on kaggle.com,13,2026-03-01,Sunday,9,1,afternoon,8424.8,7959.2,1045.0,63.1
2026-03-01 13:15:25,facebook.com,social,Page on facebook.com,13,2026-03-01,Sunday,9,1,afternoon,8424.8,7959.2,1045.0,63.1
2026-03-01 13:20:59,linkedin.com,professional,Page on linkedin.com,13,2026-03-01,Sunday,9,1,afternoon,7549.4,8834.6,975.6,21.7
2026-03-01 13:26:42,outlook.com,email,Page on outlook.com,13,2026-03-01,Sunday,9,1,afternoon,7915.0,8469.0,993.2,7.8
2026-03-01 13:33:20,ndtv.com,news,Page on ndtv.com,13,2026-03-01,Sunday,9,1,afternoon,7673.6,8710.4,973.6,72.1
2026-03-01 13:38:02,outlook.com,email,Page on outlook.com,13,2026-03-01,Sunday,9,1,afternoon,7594.2,8789.8,984.9,82.6
2026-03-01 13:38:04,google.com,search,Page on google.com,13,2026-03-01,Sunday,9,1,afternoon,7594.2,8789.8,984.9,82.6
2026-03-01 13:42:41,stackoverflow.com,learning,Page on stackoverflow.com,13,2026-03-01,Sunday,9,1,afternoon,6941.1,9442.9,854.4,42.9
2026-03-01 13:56:36,stackoverflow.com,learning,Page on stackoverflow.com,13,2026-03-01,Sunday,9,1,afternoon,6630.4,9753.6,860.5,61.9
2026-03-01 14:04:00,medium.com,learning,Page on medium.com,14,2026-03-01,Sunday,9,1,afternoon,7746.1,8637.9,1120.6,24.6
2026-03-01 14:36:06,twitter.com,social,Page on twitter.com,14,2026-03-01,Sunday,9,1,afternoon,6745.2,9638.8,879.1,35.6
2026-03-01 15:10:28,claude.ai,ai_tools,Page on claude.ai,15,2026-03-01,Sunday,9,1,afternoon,7430.6,8953.4,908.3,8.3
2026-03-01 15:13:32,stackoverflow.com,learning,Page on stackoverflow.com,15,2026-03-01,Sunday,9,1,afternoon,6034.6,10349.4,705.6,5.4
2026-03-01 15:45:19,outlook.com,email,Page on outlook.com,15,2026-03-01,Sunday,9,1,afternoon,7474.3,8909.7,1027.8,51.2
2026-03-01 15:51:41,flipkart.com,shopping,Page on flipkart.com,15,2026-03-01,Sunday,9,1,afternoon,6760.2,9623.8,926.7,75.7
2026-03-01 15:56:15,kaggle.com,learning,Page on kaggle.com,15,2026-03-01,Sunday,9,1,afternoon,8193.0,8191.0,1006.4,54.9
2026-03-01 15:59:22,claude.ai,ai_tools,Page on claude.ai,15,2026-03-01,Sunday,9,1,afternoon,6871.4,9512.6,887.5,67.2
2026-03-01 16:09:17,stackoverflow.com,learning,Page on stackoverflow.com,16,2026-03-01,Sunday,9,1,afternoon,7504.7,8879.3,1051.6,86.2
2026-03-01 16:13:45,coursera.org,learning,Page on coursera.org,16,2026-03-01,Sunday,9,1,afternoon,7569.9,8814.1,950.1,95.1
2026-03-01 16:42:52,gmail.com,email,Page on gmail.com,16,2026-03-01,Sunday,9,1,afternoon,7320.4,9063.6,948.4,41.9
2026-03-01 16:43:40,claude.ai,ai_tools,Page on claude.ai,16,2026-03-01,Sunday,9,1,afternoon,7635.9,8748.1,1012.9,29.6
2026-03-01 16:56:06,linkedin.com,professional,Page on linkedin.com,16,2026-03-01,Sunday,9,1,afternoon,6304.6,10079.4,859.3,49.3
2026-03-01 16:56:08,stackoverflow.com,learning,Page on stackoverflow.com,16,2026-03-01,Sunday,9,1,afternoon,6304.6,10079.4,859.3,49.3
2026-03-01 16:59:42,facebook.com,social,Page on facebook.com,16,2026-03-01,Sunday,9,1,afternoon,7369.7,9014.3,1031.7,10.8
2026-03-01 17:02:00,coursera.org,learning,Page on coursera.org,17,2026-03-01,Sunday,9,1,evening,7821.6,8562.4,994.9,82.0
2026-03-01 17:07:04,whatsapp.com,messaging,Page on whatsapp.com,17,2026-03-01,Sunday,9,1,evening,7026.4,9357.6,932.3,6.9
2026-03-01 17:08:40,discord.com,messaging,Page on discord.com,17,2026-03-01,Sunday,9,1,evening,6297.2,10086.8,855.4,9.2
2026-03-01 17:10:47,medium.com,learning,Page on medium.com,17,2026-03-01,Sunday,9,1,evening,6482.1,9901.9,969.4,74.2
2026-03-01 17:32:31,stackoverflow.com,learning,Page on stackoverflow.com,17,2026-03-01,Sunday,9,1,evening,6283.4,10100.6,820.0,13.5
2026-03-01 17:40:27,claude.ai,ai_tools,Page on claude.ai,17,2026-03-01,Sunday,9,1,evening,7517.8,8866.2,1002.4,86.7
2026-03-01 17:44:57,reddit.com,social,Page on reddit.com,17,2026-03-01,Sunday,9,1,evening,7139.8,9244.2,1037.2,87.6
2026-03-01 17:45:27,gmail.com,email,Page on gmail.com,17,2026-03-01,Sunday,9,1,evening,7955.4,8428.6,1148.8,74.5
2026-03-01 17:58:54,instagram.com,social,Page on instagram.com,17,2026-03-01,Sunday,9,1,evening,6563.4,9820.6,836.6,71.0
2026-03-01 18:02:53,amazon.com,shopping,Page on amazon.com,18,2026-03-01,Sunday,9,1,evening,7174.3,9209.7,1000.7,67.9
2026-03-01 18:06:22,discord.com,messaging,Page on discord.com,18,2026-03-01,Sunday,9,1,evening,6177.4,10206.6,755.5,7.5
2026-03-01 18:19:23,netflix.com,video,Page on netflix.com,18,2026-03-01,Sunday,9,1,evening,8157.9,8226.1,1076.8,33.4
2026-03-01 18:27:08,netflix.com,video,Page on netflix.com,18,2026-03-01,Sunday,9,1,evening,9052.8,7331.2,1284.3,33.9
2026-03-01 18:35:56,gmail.com,email,Page on gmail.com,18,2026-03-01,Sunday,9,1,evening,9678.1,6705.9,1244.8,59.7
2026-03-01 18:37:35,facebook.com,social,Page on facebook.com,18,2026-03-01,Sunday,9,1,evening,6079.9,10304.1,864.1,46.4
2026-03-01 18:39:47,facebook.com,social,Page on facebook.com,18,2026-03-01,Sunday,9,1,evening,7153.8,9230.2,923.7,11.6
2026-03-01 18:43:15,bbc.com,news,Page on bbc.com,18,2026-03-01,Sunday,9,1,evening,9387.7,6996.3,1211.9,17.4
2026-03-01 18:55:10,reddit.com,social,Page on reddit.com,18,2026-03-01,Sunday,9,1,evening,9518.7,6865.3,1230.2,48.6
2026-03-01 18:56:26,youtube.com,video,Page on youtube.com,18,2026-03-01,Sunday,9,1,evening,9170.6,7213.4,1237.5,60.3
2026-03-01 18:57:22,github.com,learning,Page on github.com,18,2026-03-01,Sunday,9,1,evening,9282.1,7101.9,1351.0,111.5
2026-03-01 18:59:59,stackoverflow.com,learning,Page on stackoverflow.com,18,2026-03-01,Sunday,9,1,evening,9512.4,6871.6,1150.7,116.3
2026-03-01 19:06:24,netflix.com,video,Page on netflix.com,19,2026-03-01,Sunday,9,1,evening,7325.5,9058.5,925.2,72.0
2026-03-01 19:06:38,gmail.com,email,Page on gmail.com,19,2026-03-01,Sunday,9,1,evening,7580.0,8804.0,1069.0,20.4
2026-03-01 19:07:24,chatgpt.com,ai_tools,Page on chatgpt.com,19,2026-03-01,Sunday,9,1,evening,8145.4,8238.6,1113.1,29.9
2026-03-01 19:10:50,ndtv.com,news,Page on ndtv.com,19,2026-03-01,Sunday,9,1,evening,6237.8,10146.2,881.0,12.7
2026-03-01 19:11:47,medium.com,learning,Page on medium.com,19,2026-03-01,Sunday,9,1,evening,7573.1,8810.9,1037.8,59.5
2026-03-01 19:12:16,netflix.com,video,Page on netflix.com,19,2026-03-01,Sunday,9,1,evening,7132.8,9251.2,1107.2,40.3
2026-03-01 19:12:25,medium.com,learning,Page on medium.com,19,2026-03-01,Sunday,9,1,evening,7132.8,9251.2,1107.2,40.3
2026-03-01 19:12:52,outlook.com,email,Page on outlook.com,19,2026-03-01,Sunday,9,1,evening,7429.3,8954.7,963.8,37.8
2026-03-01 19:14:01,bbc.com,news,Page on bbc.com,19,2026-03-01,Sunday,9,1,evening,7125.8,9258.2,1058.8,24.7
2026-03-01 19:17:55,instagram.com,social,Page on instagram.com,19,2026-03-01,Sunday,9,1,evening,7154.5,9229.5,975.5,20.1
2026-03-01 19:21:01,twitter.com,social,Page on twitter.com,19,2026-03-01,Sunday,9,1,evening,8699.5,7684.5,1141.4,71.0
2026-03-01 19:22:19,stackoverflow.com,learning,Page on stackoverflow.com,19,2026-03-01,Sunday,9,1,evening,8953.1,7430.9,1137.5,111.1
2026-03-01 19:22:46,medium.com,learning,Page on medium.com,19,2026-03-01,Sunday,9,1,evening,8314.1,8069.9,1217.8,79.3
2026-03-01 19:27:38,bing.com,search,Page on bing.com,19,2026-03-01,Sunday,9,1,evening,9134.3,7249.7,1116.0,85.5
2026-03-01 19:37:16,netflix.com,video,Page on netflix.com,19,2026-03-01,Sunday,9,1,evening,9262.6,7121.4,1143.9,70.5
2026-03-01 19:41:32,flipkart.com,shopping,Page on flipkart.com,19,2026-03-01,Sunday,9,1,evening,6159.6,10224.4,810.5,39.7
2026-03-01 19:43:53,linkedin.com,professional,Page on linkedin.com,19,2026-03-01,Sunday,9,1,evening,6012.0,10372.0,885.3,35.5
2026-03-01 19:49:17,amazon.com,shopping,Page on amazon.com,19,2026-03-01,Sunday,9,1,evening,6478.7,9905.3,728.1,42.1
2026-03-01 19:50:59,gmail.com,email,Page on gmail.com,19,2026-03-01,Sunday,9,1,evening,7849.7,8534.3,979.0,81.4
2026-03-01 19:51:15,coursera.org,learning,Page on coursera.org,19,2026-03-01,Sunday,9,1,evening,6129.3,10254.7,743.5,51.4
2026-03-01 19:51:42,whatsapp.com,messaging,Page on whatsapp.com,19,2026-03-01,Sunday,9,1,evening,6743.6,9640.4,852.3,78.0
2026-03-01 19:54:30,stackoverflow.com,learning,Page on stackoverflow.com,19,2026-03-01,Sunday,9,1,evening,9361.1,7022.9,1249.3,40.8
2026-03-01 19:56:16,reddit.com,social,Page on reddit.com,19,2026-03-01,Sunday,9,1,evening,7228.5,9155.5,982.3,92.1
2026-03-01 20:23:27,instagram.com,social,Page on instagram.com,20,2026-03-01,Sunday,9,1,evening,9541.6,6842.4,1248.7,120.2
2026-03-01 20:33:59,linkedin.com,professional,Page on linkedin.com,20,2026-03-01,Sunday,9,1,evening,8290.5,8093.5,1106.8,58.6
2026-03-01 20:39:20,bbc.com,news,Page on bbc.com,20,2026-03-01,Sunday,9,1,evening,7458.8,8925.2,1093.4,7.2
2026-03-01 20:42:58,medium.com,learning,Page on medium.com,20,2026-03-01,Sunday,9,1,evening,9443.2,6940.8,1354.7,102.5
2026-03-01 20:43:46,whatsapp.com,messaging,Page on whatsapp.com,20,2026-03-01,Sunday,9,1,evening,9455.5,6928.5,1216.1,123.9
2026-03-01 20:45:27,youtube.com,video,Page on youtube.com,20,2026-03-01,Sunday,9,1,evening,7340.5,9043.5,1013.0,72.6
2026-03-01 20:47:42,github.com,learning,Page on github.com,20,2026-03-01,Sunday,9,1,evening,7793.2,8590.8,1105.2,79.9
2026-03-01 20:54:07,whatsapp.com,messaging,Page on whatsapp.com,20,2026-03-01,Sunday,9,1,evening,8657.0,7727.0,1202.3,64.1
2026-03-01 21:12:26,bbc.com,news,Page on bbc.com,21,2026-03-01,Sunday,9,1,late_night,7126.8,9257.2,1006.4,84.7
2026-03-01 21:18:35,facebook.com,social,Page on facebook.com,21,2026-03-01,Sunday,9,1,late_night,9583.4,6800.6,1424.9,96.7
2026-03-01 21:19:18,github.com,learning,Page on github.com,21,2026-03-01,Sunday,9,1,late_night,9536.9,6847.1,1203.5,88.2
2026-03-01 21:19:42,gmail.com,email,Page on gmail.com,21,2026-03-01,Sunday,9,1,late_night,6468.3,9915.7,847.9,61.7
2026-03-01 21:20:25,ndtv.com,news,Page on ndtv.com,21,2026-03-01,Sunday,9,1,late_night,7160.0,9224.0,995.7,16.6
2026-03-01 21:24:43,whatsapp.com,messaging,Page on whatsapp.com,21,2026-03-01,Sunday,9,1,late_night,8027.9,8356.1,1183.5,63.5
2026-03-01 21:35:53,youtube.com,video,Page on youtube.com,21,2026-03-01,Sunday,9,1,late_night,6271.3,10112.7,691.4,76.3
2026-03-01 21:36:19,flipkart.com,shopping,Page on flipkart.com,21,2026-03-01,Sunday,9,1,late_night,7172.4,9211.6,947.3,92.0
2026-03-01 21:57:11,claude.ai,ai_tools,Page on claude.ai,21,2026-03-01,Sunday,9,1,late_night,7103.8,9280.2,909.8,10.9
2026-03-01 21:57:19,bing.com,search,Page on bing.com,21,2026-03-01,Sunday,9,1,late_night,8104.2,8279.8,1114.7,29.6
2026-03-01 22:27:50,flipkart.com,shopping,Page on flipkart.com,22,2026-03-01,Sunday,9,1,late_night,9095.7,7288.3,1344.2,45.6
2026-03-01 22:41:20,stackoverflow.com,learning,Page on stackoverflow.com,22,2026-03-01,Sunday,9,1,late_night,8625.3,7758.7,1199.7,59.5
2026-03-01 23:05:18,medium.com,learning,Page on medium.com,23,2026-03-01,Sunday,9,1,late_night,9368.3,7015.7,1181.1,58.3
2026-03-01 23:28:43,twitter.com,social,Page on twitter.com,23,2026-03-01,Sunday,9,1,late_night,7820.4,8563.6,916.6,43.0
2026-03-01 23:30:50,whatsapp.com,messaging,Page on whatsapp.com,23,2026-03-01,Sunday,9,1,late_night,8748.9,7635.1,1172.0,51.5
2026-03-01 23:40:39,facebook.com,social,Page on facebook.com,23,2026-03-01,Sunday,9,1,late_night,6815.7,9568.3,862.2,73.7
2026-03-01 23:50:47,instagram.com,social,Page on instagram.com,23,2026-03-01,Sunday,9,1,late_night,7396.0,8988.0,919.9,48.2
2026-03-02 00:09:15,instagram.com,social,Page on instagram.com,0,2026-03-02,Monday,10,0,late_night,5797.8,10586.2,834.2,18.5
2026-03-02 00:12:53,youtube.com,video,Page on youtube.com,0,2026-03-02,Monday,10,0,late_night,5719.3,10664.7,805.0,34.6
2026-03-02 05:42:07,chatgpt.com,ai_tools,Page on chatgpt.com,5,2026-03-02,Monday,10,0,morning,5889.7,10494.3,673.0,32.7
2026-03-02 06:10:38,claude.ai,ai_tools,Page on claude.ai,6,2026-03-02,Monday,10,0,morning,6287.6,10096.4,716.2,18.8
2026-03-02 06:13:29,ndtv.com,news,Page on ndtv.com,6,2026-03-02,Monday,10,0,morning,5477.2,10906.8,661.6,4.6
2026-03-02 06:16:49,amazon.com,shopping,Page on amazon.com,6,2026-03-02,Monday,10,0,morning,5666.6,10717.4,680.8,58.8
2026-03-02 06:47:45,twitter.com,social,Page on twitter.com,6,2026-03-02,Monday,10,0,morning,4426.4,11957.6,622.8,12.8
2026-03-02 07:19:06,chatgpt.com,ai_tools,Page on chatgpt.com,7,2026-03-02,Monday,10,0,morning,4875.9,11508.1,575.6,51.4
2026-03-02 07:49:52,reddit.com,social,Page on reddit.com,7,2026-03-02,Monday,10,0,morning,4545.1,11838.9,518.6,31.7
2026-03-02 08:01:59,kaggle.com,learning,Page on kaggle.com,8,2026-03-02,Monday,10,0,morning,6677.7,9706.3,976.5,41.3
2026-03-02 08:04:37,ndtv.com,news,Page on ndtv.com,8,2026-03-02,Monday,10,0,morning,5174.0,11210.0,669.7,24.3
2026-03-02 08:25:45,github.com,learning,Page on github.com,8,2026-03-02,Monday,10,0,morning,6330.3,10053.7,931.9,76.0
2026-03-02 08:36:43,flipkart.com,shopping,Page on flipkart.com,8,2026-03-02,Monday,10,0,morning,4481.8,11902.2,668.2,54.9
2026-03-02 09:43:38,chatgpt.com,ai_tools,Page on chatgpt.com,9,2026-03-02,Monday,10,0,morning,7641.2,8742.8,1128.2,81.9
2026-03-02 09:44:49,stackoverflow.com,learning,Page on stackoverflow.com,9,2026-03-02,Monday,10,0,morning,7977.6,8406.4,948.4,37.8
2026-03-02 09:50:36,chatgpt.com,ai_tools,Page on chatgpt.com,9,2026-03-02,Monday,10,0,morning,6328.9,10055.1,780.8,38.8
2026-03-02 09:53:40,stackoverflow.com,learning,Page on stackoverflow.com,9,2026-03-02,Monday,10,0,morning,7048.5,9335.5,924.5,70.7
2026-03-02 10:11:46,flipkart.com,shopping,Page on flipkart.com,10,2026-03-02,Monday,10,0,morning,7488.5,8895.5,1038.7,52.5
2026-03-02 10:21:00,claude.ai,ai_tools,Page on claude.ai,10,2026-03-02,Monday,10,0,morning,7402.6,8981.4,962.1,39.4
2026-03-02 10:22:34,medium.com,learning,Page on medium.com,10,2026-03-02,Monday,10,0,morning,7894.2,8489.8,1127.8,48.1
2026-03-02 10:23:04,amazon.com,shopping,Page on amazon.com,10,2026-03-02,Monday,10,0,morning,8106.7,8277.3,1136.2,41.2
2026-03-02 10:23:40,news.google.com,news,Page on news.google.com,10,2026-03-02,Monday,10,0,morning,7183.6,9200.4,889.2,66.1
2026-03-02 10:29:45,reddit.com,social,Page on reddit.com,10,2026-03-02,Monday,10,0,morning,7903.3,8480.7,1099.7,89.8
2026-03-02 10:52:31,facebook.com,social,Page on facebook.com,10,2026-03-02,Monday,10,0,morning,7516.3,8867.7,1270.6,71.8
2026-03-02 11:15:53,ndtv.com,news,Page on ndtv.com,11,2026-03-02,Monday,10,0,morning,7833.7,8550.3,1053.7,45.9
2026-03-02 11:17:56,medium.com,learning,Page on medium.com,11,2026-03-02,Monday,10,0,morning,7384.2,8999.8,997.9,85.5
2026-03-02 11:29:27,chatgpt.com,ai_tools,Page on chatgpt.com,11,2026-03-02,Monday,10,0,morning,8157.6,8226.4,1059.5,14.1
2026-03-02 11:31:13,coursera.org,learning,Page on coursera.org,11,2026-03-02,Monday,10,0,morning,6586.4,9797.6,840.3,18.4
2026-03-02 11:31:54,coursera.org,learning,Page on coursera.org,11,2026-03-02,Monday,10,0,morning,7225.8,9158.2,1096.8,49.0
2026-03-02 11:37:17,coursera.org,learning,Page on coursera.org,11,2026-03-02,Monday,10,0,morning,7190.9,9193.1,911.0,36.8
2026-03-02 11:41:17,outlook.com,email,Page on outlook.com,11,2026-03-02,Monday,10,0,morning,7636.2,8747.8,1076.6,19.4
2026-03-02 11:42:24,coursera.org,learning,Page on coursera.org,11,2026-03-02,Monday,10,0,morning,6008.1,10375.9,735.7,62.7
2026-03-02 11:48:29,gmail.com,email,Page on gmail.com,11,2026-03-02,Monday,10,0,morning,7979.0,8405.0,971.9,91.1
2026-03-02 11:58:34,chatgpt.com,ai_tools,Page on chatgpt.com,11,2026-03-02,Monday,10,0,morning,8351.3,8032.7,1121.0,34.7
2026-03-02 12:12:05,stackoverflow.com,learning,Page on stackoverflow.com,12,2026-03-02,Monday,10,0,afternoon,6796.7,9587.3,940.7,72.7
2026-03-02 12:16:21,stackoverflow.com,learning,Page on stackoverflow.com,12,2026-03-02,Monday,10,0,afternoon,8151.5,8232.5,1167.1,32.9
2026-03-02 12:26:31,gmail.com,email,Page on gmail.com,12,2026-03-02,Monday,10,0,afternoon,7142.1,9241.9,863.6,52.8
2026-03-02 12:35:00,flipkart.com,shopping,Page on flipkart.com,12,2026-03-02,Monday,10,0,afternoon,6270.0,10114.0,983.0,22.3
2026-03-02 12:38:44,claude.ai,ai_tools,Page on claude.ai,12,2026-03-02,Monday,10,0,afternoon,7649.0,8735.0,982.5,28.3
2026-03-02 13:01:05,stackoverflow.com,learning,Page on stackoverflow.com,13,2026-03-02,Monday,10,0,afternoon,7455.2,8928.8,1182.3,73.4
2026-03-02 13:15:44,medium.com,learning,Page on medium.com,13,2026-03-02,Monday,10,0,afternoon,7407.8,8976.2,1135.8,33.4
2026-03-02 13:25:44,stackoverflow.com,learning,Page on stackoverflow.com,13,2026-03-02,Monday,10,0,afternoon,6542.9,9841.1,751.4,11.2
2026-03-02 13:42:37,kaggle.com,learning,Page on kaggle.com,13,2026-03-02,Monday,10,0,afternoon,6588.1,9795.9,907.1,70.2
2026-03-02 13:45:31,medium.com,learning,Page on medium.com,13,2026-03-02,Monday,10,0,afternoon,6854.2,9529.8,1073.4,74.5
2026-03-02 14:12:20,facebook.com,social,Page on facebook.com,14,2026-03-02,Monday,10,0,afternoon,8364.7,8019.3,1050.0,34.2
2026-03-02 14:16:14,facebook.com,social,Page on facebook.com,14,2026-03-02,Monday,10,0,afternoon,7653.2,8730.8,1034.7,62.6
2026-03-02 14:35:33,coursera.org,learning,Page on coursera.org,14,2026-03-02,Monday,10,0,afternoon,6695.6,9688.4,925.6,39.4
2026-03-02 14:44:29,stackoverflow.com,learning,Page on stackoverflow.com,14,2026-03-02,Monday,10,0,afternoon,6302.8,10081.2,931.5,70.3
2026-03-02 14:47:35,coursera.org,learning,Page on coursera.org,14,2026-03-02,Monday,10,0,afternoon,7638.3,8745.7,1206.9,22.9
2026-03-02 15:06:53,github.com,learning,Page on github.com,15,2026-03-02,Monday,10,0,afternoon,7694.3,8689.7,1063.4,19.6
2026-03-02 15:12:13,linkedin.com,professional,Page on linkedin.com,15,2026-03-02,Monday,10,0,afternoon,7579.3,8804.7,1039.1,31.6
2026-03-02 15:17:46,outlook.com,email,Page on outlook.com,15,2026-03-02,Monday,10,0,afternoon,8290.7,8093.3,1025.1,31.0
2026-03-02 15:34:48,bing.com,search,Page on bing.com,15,2026-03-02,Monday,10,0,afternoon,7154.0,9230.0,873.2,69.3
2026-03-02 15:48:33,outlook.com,email,Page on outlook.com,15,2026-03-02,Monday,10,0,afternoon,6379.4,10004.6,933.2,54.7
2026-03-02 16:00:45,flipkart.com,shopping,Page on flipkart.com,16,2026-03-02,Monday,10,0,afternoon,7340.2,9043.8,794.7,93.3
2026-03-02 16:08:40,claude.ai,ai_tools,Page on claude.ai,16,2026-03-02,Monday,10,0,afternoon,5909.4,10474.6,739.5,27.3
2026-03-02 16:14:23,github.com,learning,Page on github.com,16,2026-03-02,Monday,10,0,afternoon,7294.8,9089.2,1064.5,9.4
2026-03-02 16:17:02,discord.com,messaging,Page on discord.com,16,2026-03-02,Monday,10,0,afternoon,7405.2,8978.8,1064.7,93.5
2026-03-02 16:31:06,claude.ai,ai_tools,Page on claude.ai,16,2026-03-02,Monday,10,0,afternoon,7066.0,9318.0,879.4,30.9
2026-03-02 16:35:18,bing.com,search,Page on bing.com,16,2026-03-02,Monday,10,0,afternoon,7511.6,8872.4,1011.1,49.1
2026-03-02 17:03:16,ndtv.com,news,Page on ndtv.com,17,2026-03-02,Monday,10,0,evening,6304.2,10079.8,844.5,78.2
2026-03-02 17:07:35,linkedin.com,professional,Page on linkedin.com,17,2026-03-02,Monday,10,0,evening,6173.0,10211.0,741.9,41.0
2026-03-02 17:09:51,gmail.com,email,Page on gmail.com,17,2026-03-02,Monday,10,0,evening,6957.5,9426.5,861.6,67.4
2026-03-02 17:19:05,discord.com,messaging,Page on discord.com,17,2026-03-02,Monday,10,0,evening,7216.7,9167.3,944.0,22.8
2026-03-02 17:25:31,twitter.com,social,Page on twitter.com,17,2026-03-02,Monday,10,0,evening,6505.3,9878.7,646.1,48.9
2026-03-02 17:28:21,github.com,learning,Page on github.com,17,2026-03-02,Monday,10,0,evening,7836.3,8547.7,1070.5,52.3
2026-03-02 17:30:07,chatgpt.com,ai_tools,Page on chatgpt.com,17,2026-03-02,Monday,10,0,evening,5921.6,10462.4,787.5,68.4
2026-03-02 17:36:18,medium.com,learning,Page on medium.com,17,2026-03-02,Monday,10,0,evening,7896.7,8487.3,912.2,18.2
2026-03-02 17:40:43,instagram.com,social,Page on instagram.com,17,2026-03-02,Monday,10,0,evening,7988.5,8395.5,992.6,24.2
2026-03-02 18:00:26,outlook.com,email,Page on outlook.com,18,2026-03-02,Monday,10,0,evening,8509.0,7875.0,1242.5,107.0
2026-03-02 18:10:15,reddit.com,social,Page on reddit.com,18,2026-03-02,Monday,10,0,evening,8756.5,7627.5,1129.5,19.8
2026-03-02 18:13:40,github.com,learning,Page on github.com,18,2026-03-02,Monday,10,0,evening,7489.5,8894.5,1009.9,54.3
2026-03-02 18:14:49,bing.com,search,Page on bing.com,18,2026-03-02,Monday,10,0,evening,8569.8,7814.2,1025.3,78.7
2026-03-02 18:16:42,instagram.com,social,Page on instagram.com,18,2026-03-02,Monday,10,0,evening,6244.0,10140.0,717.1,51.7
2026-03-02 18:19:55,chatgpt.com,ai_tools,Page on chatgpt.com,18,2026-03-02,Monday,10,0,evening,7580.6,8803.4,915.7,43.8
2026-03-02 18:24:28,outlook.com,email,Page on outlook.com,18,2026-03-02,Monday,10,0,evening,6030.9,10353.1,718.3,71.4
2026-03-02 18:27:19,chatgpt.com,ai_tools,Page on chatgpt.com,18,2026-03-02,Monday,10,0,evening,6401.1,9982.9,1014.5,50.7
2026-03-02 18:35:04,reddit.com,social,Page on reddit.com,18,2026-03-02,Monday,10,0,evening,7764.6,8619.4,1006.0,83.6
2026-03-02 18:38:38,claude.ai,ai_tools,Page on claude.ai,18,2026-03-02,Monday,10,0,evening,6006.8,10377.2,675.8,44.7
2026-03-02 18:39:03,claude.ai,ai_tools,Page on claude.ai,18,2026-03-02,Monday,10,0,evening,6570.9,9813.1,849.9,23.4
2026-03-02 18:44:38,google.com,search,Page on google.com,18,2026-03-02,Monday,10,0,evening,6564.7,9819.3,1046.0,76.2
2026-03-02 18:47:06,discord.com,messaging,Page on discord.com,18,2026-03-02,Monday,10,0,evening,9377.5,7006.5,1150.8,73.7
2026-03-02 19:04:03,reddit.com,social,Page on reddit.com,19,2026-03-02,Monday,10,0,evening,6390.2,9993.8,861.3,21.0
2026-03-02 19:04:43,stackoverflow.com,learning,Page on stackoverflow.com,19,2026-03-02,Monday,10,0,evening,8452.3,7931.7,1092.6,86.7
2026-03-02 19:07:29,ndtv.com,news,Page on ndtv.com,19,2026-03-02,Monday,10,0,evening,7933.5,8450.5,1030.0,78.1
2026-03-02 19:14:41,facebook.com,social,Page on facebook.com,19,2026-03-02,Monday,10,0,evening,6632.2,9751.8,976.4,85.7
2026-03-02 19:17:32,linkedin.com,professional,Page on linkedin.com,19,2026-03-02,Monday,10,0,evening,7928.6,8455.4,1067.2,91.5
2026-03-02 19:18:02,stackoverflow.com,learning,Page on stackoverflow.com,19,2026-03-02,Monday,10,0,evening,6744.3,9639.7,863.9,74.7
2026-03-02 19:18:45,kaggle.com,learning,Page on kaggle.com,19,2026-03-02,Monday,10,0,evening,8704.4,7679.6,1293.1,84.6
2026-03-02 19:19:44,flipkart.com,shopping,Page on flipkart.com,19,2026-03-02,Monday,10,0,evening,7636.6,8747.4,992.9,47.9
2026-03-02 19:27:07,linkedin.com,professional,Page on linkedin.com,19,2026-03-02,Monday,10,0,evening,8182.5,8201.5,1020.1,86.5
2026-03-02 19:37:42,github.com,learning,Page on github.com,19,2026-03-02,Monday,10,0,evening,7022.5,9361.5,1020.6,52.4
2026-03-02 19:44:55,outlook.com,email,Page on outlook.com,19,2026-03-02,Monday,10,0,evening,7801.7,8582.3,950.0,13.3
2026-03-02 19:47:52,chatgpt.com,ai_tools,Page on chatgpt.com,19,2026-03-02,Monday,10,0,evening,7036.4,9347.6,883.7,27.9
2026-03-02 19:50:19,claude.ai,ai_tools,Page on claude.ai,19,2026-03-02,Monday,10,0,evening,8162.8,8221.2,1121.6,41.7
2026-03-02 19:58:17,facebook.com,social,Page on facebook.com,19,2026-03-02,Monday,10,0,evening,6537.1,9846.9,954.2,41.8
2026-03-02 19:58:18,outlook.com,email,Page on outlook.com,19,2026-03-02,Monday,10,0,evening,6537.1,9846.9,954.2,41.8
2026-03-02 19:59:16,news.google.com,news,Page on news.google.com,19,2026-03-02,Monday,10,0,evening,6571.6,9812.4,874.3,66.1
2026-03-02 20:14:43,chatgpt.com,ai_tools,Page on chatgpt.com,20,2026-03-02,Monday,10,0,evening,8698.7,7685.3,1150.7,80.5
2026-03-02 20:16:01,instagram.com,social,Page on instagram.com,20,2026-03-02,Monday,10,0,evening,7963.0,8421.0,1151.4,71.9
2026-03-02 20:31:28,instagram.com,social,Page on instagram.com,20,2026-03-02,Monday,10,0,evening,6442.7,9941.3,806.3,15.6
2026-03-02 20:36:02,discord.com,messaging,Page on discord.com,20,2026-03-02,Monday,10,0,evening,6595.9,9788.1,1056.4,24.2
2026-03-02 20:37:01,discord.com,messaging,Page on discord.com,20,2026-03-02,Monday,10,0,evening,7050.9,9333.1,891.7,23.0
2026-03-02 20:38:02,gmail.com,email,Page on gmail.com,20,2026-03-02,Monday,10,0,evening,6617.1,9766.9,839.9,15.5
2026-03-02 20:43:52,coursera.org,learning,Page on coursera.org,20,2026-03-02,Monday,10,0,evening,6256.6,10127.4,838.5,75.9
2026-03-02 20:47:20,claude.ai,ai_tools,Page on claude.ai,20,2026-03-02,Monday,10,0,evening,8455.8,7928.2,1114.9,64.5
2026-03-02 21:33:41,outlook.com,email,Page on outlook.com,21,2026-03-02,Monday,10,0,late_night,6682.0,9702.0,863.2,55.1
2026-03-02 21:48:11,google.com,search,Page on google.com,21,2026-03-02,Monday,10,0,late_night,6734.3,9649.7,805.5,53.5
2026-03-02 21:58:17,reddit.com,social,Page on reddit.com,21,2026-03-02,Monday,10,0,late_night,6229.2,10154.8,785.7,6.5
2026-03-02 22:06:54,instagram.com,social,Page on instagram.com,22,2026-03-02,Monday,10,0,late_night,6392.2,9991.8,922.0,63.0
2026-03-02 22:26:21,facebook.com,social,Page on facebook.com,22,2026-03-02,Monday,10,0,late_night,8769.7,7614.3,1196.3,55.4
2026-03-02 22:31:05,stackoverflow.com,learning,Page on stackoverflow.com,22,2026-03-02,Monday,10,0,late_night,7192.8,9191.2,787.9,7.0
2026-03-02 22:37:27,outlook.com,email,Page on outlook.com,22,2026-03-02,Monday,10,0,late_night,7038.9,9345.1,956.1,31.1
2026-03-02 23:26:44,kaggle.com,learning,Page on kaggle.com,23,2026-03-02,Monday,10,0,late_night,6212.1,10171.9,836.2,56.5
2026-03-02 23:42:25,bbc.com,news,Page on bbc.com,23,2026-03-02,Monday,10,0,late_night,9301.4,7082.6,1301.4,28.5
2026-03-03 00:18:43,amazon.com,shopping,Page on amazon.com,0,2026-03-03,Tuesday,10,0,late_night,5603.2,10780.8,691.7,69.7
2026-03-03 00:57:51,stackoverflow.com,learning,Page on stackoverflow.com,0,2026-03-03,Tuesday,10,0,late_night,6055.7,10328.3,715.0,73.8
2026-03-03 03:04:28,amazon.com,shopping,Page on amazon.com,3,2026-03-03,Tuesday,10,0,late_night,6063.5,10320.5,745.0,72.7
2026-03-03 04:37:19,news.google.com,news,Page on news.google.com,4,2026-03-03,Tuesday,10,0,late_night,4462.4,11921.6,648.3,28.7
2026-03-03 06:27:44,coursera.org,learning,Page on coursera.org,6,2026-03-03,Tuesday,10,0,morning,6531.7,9852.3,753.7,11.8
2026-03-03 06:29:54,kaggle.com,learning,Page on kaggle.com,6,2026-03-03,Tuesday,10,0,morning,5543.1,10840.9,617.0,22.0
2026-03-03 07:06:15,flipkart.com,shopping,Page on flipkart.com,7,2026-03-03,Tuesday,10,0,morning,6154.5,10229.5,656.6,14.2
2026-03-03 07:12:24,google.com,search,Page on google.com,7,2026-03-03,Tuesday,10,0,morning,4982.9,11401.1,680.9,53.9
2026-03-03 07:18:44,kaggle.com,learning,Page on kaggle.com,7,2026-03-03,Tuesday,10,0,morning,4975.0,11409.0,626.2,34.7
2026-03-03 07:36:22,chatgpt.com,ai_tools,Page on chatgpt.com,7,2026-03-03,Tuesday,10,0,morning,6151.2,10232.8,806.4,63.4
2026-03-03 08:01:53,bbc.com,news,Page on bbc.com,8,2026-03-03,Tuesday,10,0,morning,6439.3,9944.7,795.2,66.6
2026-03-03 08:25:17,youtube.com,video,Page on youtube.com,8,2026-03-03,Tuesday,10,0,morning,5879.2,10504.8,932.2,8.4
2026-03-03 08:31:53,kaggle.com,learning,Page on kaggle.com,8,2026-03-03,Tuesday,10,0,morning,5491.7,10892.3,750.9,29.2
2026-03-03 08:36:55,bbc.com,news,Page on bbc.com,8,2026-03-03,Tuesday,10,0,morning,6080.8,10303.2,765.5,60.4
2026-03-03 08:38:51,amazon.com,shopping,Page on amazon.com,8,2026-03-03,Tuesday,10,0,morning,5690.8,10693.2,842.2,35.5
2026-03-03 08:49:47,netflix.com,video,Page on netflix.com,8,2026-03-03,Tuesday,10,0,morning,4515.5,11868.5,641.1,58.9
2026-03-03 08:49:51,stackoverflow.com,learning,Page on stackoverflow.com,8,2026-03-03,Tuesday,10,0,morning,4515.5,11868.5,641.1,58.9
2026-03-03 08:58:38,whatsapp.com,messaging,Page on whatsapp.com,8,2026-03-03,Tuesday,10,0,morning,5230.4,11153.6,579.3,44.9
2026-03-03 09:08:40,twitter.com,social,Page on twitter.com,9,2026-03-03,Tuesday,10,0,morning,6049.1,10334.9,870.4,20.0
2026-03-03 09:14:40,github.com,learning,Page on github.com,9,2026-03-03,Tuesday,10,0,morning,6424.1,9959.9,848.1,6.2
2026-03-03 09:16:43,linkedin.com,professional,Page on linkedin.com,9,2026-03-03,Tuesday,10,0,morning,6324.2,10059.8,888.6,56.6
2026-03-03 09:23:46,reddit.com,social,Page on reddit.com,9,2026-03-03,Tuesday,10,0,morning,5952.3,10431.7,813.5,54.2
2026-03-03 09:26:11,github.com,learning,Page on github.com,9,2026-03-03,Tuesday,10,0,morning,6771.4,9612.6,873.1,11.2
2026-03-03 09:40:41,netflix.com,video,Page on netflix.com,9,2026-03-03,Tuesday,10,0,morning,6225.8,10158.2,958.1,26.5
2026-03-03 09:49:42,google.com,search,Page on google.com,9,2026-03-03,Tuesday,10,0,morning,6544.8,9839.2,937.1,23.0
2026-03-03 09:50:28,netflix.com,video,Page on netflix.com,9,2026-03-03,Tuesday,10,0,morning,8209.8,8174.2,1119.1,84.4
2026-03-03 09:58:18,coursera.org,learning,Page on coursera.org,9,2026-03-03,Tuesday,10,0,morning,8299.8,8084.2,1139.9,53.9
2026-03-03 10:17:53,github.com,learning,Page on github.com,10,2026-03-03,Tuesday,10,0,morning,7681.8,8702.2,1067.3,19.6
2026-03-03 10:23:33,amazon.com,shopping,Page on amazon.com,10,2026-03-03,Tuesday,10,0,morning,7985.7,8398.3,997.1,101.8
2026-03-03 10:50:34,claude.ai,ai_tools,Page on claude.ai,10,2026-03-03,Tuesday,10,0,morning,7787.6,8596.4,990.0,86.9
2026-03-03 10:58:52,whatsapp.com,messaging,Page on whatsapp.com,10,2026-03-03,Tuesday,10,0,morning,8321.2,8062.8,1102.1,38.8
2026-03-03 11:04:09,linkedin.com,professional,Page on linkedin.com,11,2026-03-03,Tuesday,10,0,morning,6900.7,9483.3,917.6,60.5
2026-03-03 11:14:55,google.com,search,Page on google.com,11,2026-03-03,Tuesday,10,0,morning,7714.6,8669.4,1077.8,26.2
2026-03-03 11:21:51,facebook.com,social,Page on facebook.com,11,2026-03-03,Tuesday,10,0,morning,8039.9,8344.1,1172.4,58.8
2026-03-03 11:34:07,medium.com,learning,Page on medium.com,11,2026-03-03,Tuesday,10,0,morning,8215.4,8168.6,1212.8,40.5
2026-03-03 11:37:24,chatgpt.com,ai_tools,Page on chatgpt.com,11,2026-03-03,Tuesday,10,0,morning,7312.9,9071.1,1034.1,15.2
2026-03-03 11:43:25,whatsapp.com,messaging,Page on whatsapp.com,11,2026-03-03,Tuesday,10,0,morning,7533.1,8850.9,1020.7,88.5
2026-03-03 11:43:47,google.com,search,Page on google.com,11,2026-03-03,Tuesday,10,0,morning,6136.0,10248.0,910.2,49.7
2026-03-03 11:50:25,youtube.com,video,Page on youtube.com,11,2026-03-03,Tuesday,10,0,morning,6441.3,9942.7,887.0,13.7
2026-03-03 11:51:18,linkedin.com,professional,Page on linkedin.com,11,2026-03-03,Tuesday,10,0,morning,7995.9,8388.1,991.5,60.9
2026-03-03 11:51:35,kaggle.com,learning,Page on kaggle.com,11,2026-03-03,Tuesday,10,0,morning,8077.3,8306.7,1044.1,106.7
2026-03-03 12:08:02,whatsapp.com,messaging,Page on whatsapp.com,12,2026-03-03,Tuesday,10,0,afternoon,6915.0,9469.0,779.5,25.0
2026-03-03 12:14:41,instagram.com,social,Page on instagram.com,12,2026-03-03,Tuesday,10,0,afternoon,7009.7,9374.3,782.5,48.1
2026-03-03 12:15:56,gmail.com,email,Page on gmail.com,12,2026-03-03,Tuesday,10,0,afternoon,6359.1,10024.9,974.6,37.5
2026-03-03 12:19:31,facebook.com,social,Page on facebook.com,12,2026-03-03,Tuesday,10,0,afternoon,7731.8,8652.2,985.5,32.6
2026-03-03 12:19:41,kaggle.com,learning,Page on kaggle.com,12,2026-03-03,Tuesday,10,0,afternoon,8080.4,8303.6,1078.3,94.0
2026-03-03 12:23:06,google.com,search,Page on google.com,12,2026-03-03,Tuesday,10,0,afternoon,7736.4,8647.6,1197.3,14.2
2026-03-03 12:24:29,kaggle.com,learning,Page on kaggle.com,12,2026-03-03,Tuesday,10,0,afternoon,8336.9,8047.1,1058.9,64.5
2026-03-03 12:30:01,outlook.com,email,Page on outlook.com,12,2026-03-03,Tuesday,10,0,afternoon,8185.7,8198.3,989.2,28.1
2026-03-03 12:35:20,bbc.com,news,Page on bbc.com,12,2026-03-03,Tuesday,10,0,afternoon,6320.5,10063.5,889.6,28.9
2026-03-03 12:52:29,news.google.com,news,Page on news.google.com,12,2026-03-03,Tuesday,10,0,afternoon,6741.3,9642.7,954.8,43.3
2026-03-03 13:09:56,kaggle.com,learning,Page on kaggle.com,13,2026-03-03,Tuesday,10,0,afternoon,7234.6,9149.4,941.0,82.8
2026-03-03 13:26:37,linkedin.com,professional,Page on linkedin.com,13,2026-03-03,Tuesday,10,0,afternoon,6241.9,10142.1,783.0,64.0
2026-03-03 13:47:44,whatsapp.com,messaging,Page on whatsapp.com,13,2026-03-03,Tuesday,10,0,afternoon,7917.1,8466.9,1232.5,60.6
2026-03-03 14:06:53,amazon.com,shopping,Page on amazon.com,14,2026-03-03,Tuesday,10,0,afternoon,8064.0,8320.0,1082.6,33.3
2026-03-03 14:15:54,kaggle.com,learning,Page on kaggle.com,14,2026-03-03,Tuesday,10,0,afternoon,6309.2,10074.8,814.1,59.0
2026-03-03 14:17:12,whatsapp.com,messaging,Page on whatsapp.com,14,2026-03-03,Tuesday,10,0,afternoon,6743.0,9641.0,938.6,45.2
2026-03-03 14:23:13,medium.com,learning,Page on medium.com,14,2026-03-03,Tuesday,10,0,afternoon,6113.7,10270.3,774.5,78.4
2026-03-03 14:26:17,netflix.com,video,Page on netflix.com,14,2026-03-03,Tuesday,10,0,afternoon,8045.6,8338.4,1013.3,57.8
2026-03-03 14:41:22,instagram.com,social,Page on instagram.com,14,2026-03-03,Tuesday,10,0,afternoon,7842.1,8541.9,997.0,33.4
2026-03-03 14:43:23,gmail.com,email,Page on gmail.com,14,2026-03-03,Tuesday,10,0,afternoon,6523.0,9861.0,879.1,11.2
2026-03-03 14:54:52,medium.com,learning,Page on medium.com,14,2026-03-03,Tuesday,10,0,afternoon,6502.6,9881.4,917.3,35.9
2026-03-03 15:21:15,discord.com,messaging,Page on discord.com,15,2026-03-03,Tuesday,10,0,afternoon,7801.7,8582.3,1055.8,20.4
2026-03-03 15:38:01,instagram.com,social,Page on instagram.com,15,2026-03-03,Tuesday,10,0,afternoon,7949.4,8434.6,1131.1,100.8
2026-03-03 15:42:13,google.com,search,Page on google.com,15,2026-03-03,Tuesday,10,0,afternoon,8366.1,8017.9,1051.9,69.9
2026-03-03 15:50:36,github.com,learning,Page on github.com,15,2026-03-03,Tuesday,10,0,afternoon,6830.4,9553.6,934.7,51.1
2026-03-03 15:53:48,gmail.com,email,Page on gmail.com,15,2026-03-03,Tuesday,10,0,afternoon,6793.9,9590.1,942.7,59.4
2026-03-03 16:01:08,youtube.com,video,Page on youtube.com,16,2026-03-03,Tuesday,10,0,afternoon,7949.7,8434.3,1234.1,63.0
2026-03-03 16:08:34,stackoverflow.com,learning,Page on stackoverflow.com,16,2026-03-03,Tuesday,10,0,afternoon,5950.1,10433.9,794.4,54.8
2026-03-03 16:11:07,google.com,search,Page on google.com,16,2026-03-03,Tuesday,10,0,afternoon,6528.8,9855.2,889.4,16.9
2026-03-03 16:14:21,chatgpt.com,ai_tools,Page on chatgpt.com,16,2026-03-03,Tuesday,10,0,afternoon,7894.3,8489.7,997.9,34.0
2026-03-03 16:17:54,discord.com,messaging,Page on discord.com,16,2026-03-03,Tuesday,10,0,afternoon,6949.9,9434.1,992.6,27.5
2026-03-03 16:20:01,github.com,learning,Page on github.com,16,2026-03-03,Tuesday,10,0,afternoon,8326.4,8057.6,1110.8,79.7
2026-03-03 16:37:13,chatgpt.com,ai_tools,Page on chatgpt.com,16,2026-03-03,Tuesday,10,0,afternoon,7975.7,8408.3,1031.0,78.1
2026-03-03 16:50:50,stackoverflow.com,learning,Page on stackoverflow.com,16,2026-03-03,Tuesday,10,0,afternoon,7384.4,8999.6,1062.8,78.4
2026-03-03 16:50:57,outlook.com,email,Page on outlook.com,16,2026-03-03,Tuesday,10,0,afternoon,7513.9,8870.1,1032.6,86.2
2026-03-03 17:03:08,linkedin.com,professional,Page on linkedin.com,17,2026-03-03,Tuesday,10,0,evening,6341.1,10042.9,951.4,17.4
2026-03-03 17:30:28,chatgpt.com,ai_tools,Page on chatgpt.com,17,2026-03-03,Tuesday,10,0,evening,7655.1,8728.9,874.1,98.5
2026-03-03 17:32:14,whatsapp.com,messaging,Page on whatsapp.com,17,2026-03-03,Tuesday,10,0,evening,7840.5,8543.5,1098.7,57.3
2026-03-03 17:32:37,facebook.com,social,Page on facebook.com,17,2026-03-03,Tuesday,10,0,evening,7631.9,8752.1,987.4,74.4
2026-03-03 17:33:07,linkedin.com,professional,Page on linkedin.com,17,2026-03-03,Tuesday,10,0,evening,8041.5,8342.5,977.0,25.2
2026-03-03 18:02:46,bbc.com,news,Page on bbc.com,18,2026-03-03,Tuesday,10,0,evening,7134.5,9249.5,1055.9,25.8
2026-03-03 18:04:08,coursera.org,learning,Page on coursera.org,18,2026-03-03,Tuesday,10,0,evening,6929.3,9454.7,1041.2,31.7
2026-03-03 18:04:57,instagram.com,social,Page on instagram.com,18,2026-03-03,Tuesday,10,0,evening,6053.8,10330.2,661.7,63.0
2026-03-03 18:18:29,bing.com,search,Page on bing.com,18,2026-03-03,Tuesday,10,0,evening,8125.4,8258.6,1187.0,6.7
2026-03-03 18:20:38,facebook.com,social,Page on facebook.com,18,2026-03-03,Tuesday,10,0,evening,6693.1,9690.9,778.1,81.6
2026-03-03 18:24:38,bing.com,search,Page on bing.com,18,2026-03-03,Tuesday,10,0,evening,8081.8,8302.2,1177.8,77.8
2026-03-03 18:27:43,twitter.com,social,Page on twitter.com,18,2026-03-03,Tuesday,10,0,evening,6028.0,10356.0,894.9,45.9
2026-03-03 18:30:54,flipkart.com,shopping,Page on flipkart.com,18,2026-03-03,Tuesday,10,0,evening,7708.0,8676.0,997.0,88.1
2026-03-03 18:31:45,outlook.com,email,Page on outlook.com,18,2026-03-03,Tuesday,10,0,evening,7426.4,8957.6,974.5,24.7
2026-03-03 18:33:19,outlook.com,email,Page on outlook.com,18,2026-03-03,Tuesday,10,0,evening,7167.3,9216.7,920.4,21.2
2026-03-03 18:35:45,medium.com,learning,Page on medium.com,18,2026-03-03,Tuesday,10,0,evening,8911.4,7472.6,1375.4,84.8
2026-03-03 18:39:40,chatgpt.com,ai_tools,Page on chatgpt.com,18,2026-03-03,Tuesday,10,0,evening,8211.2,8172.8,980.7,78.4
2026-03-03 18:41:01,netflix.com,video,Page on netflix.com,18,2026-03-03,Tuesday,10,0,evening,7803.6,8580.4,1104.2,87.9
2026-03-03 19:06:20,gmail.com,email,Page on gmail.com,19,2026-03-03,Tuesday,10,0,evening,8986.0,7398.0,1145.5,9.0
2026-03-03 19:20:42,coursera.org,learning,Page on coursera.org,19,2026-03-03,Tuesday,10,0,evening,8131.6,8252.4,1078.9,23.3
2026-03-03 19:23:09,bbc.com,news,Page on bbc.com,19,2026-03-03,Tuesday,10,0,evening,9268.5,7115.5,1326.0,19.1
2026-03-03 19:25:26,whatsapp.com,messaging,Page on whatsapp.com,19,2026-03-03,Tuesday,10,0,evening,6276.1,10107.9,851.7,43.9
2026-03-03 19:26:21,outlook.com,email,Page on outlook.com,19,2026-03-03,Tuesday,10,0,evening,8351.7,8032.3,1107.8,83.6
2026-03-03 19:27:28,stackoverflow.com,learning,Page on stackoverflow.com,19,2026-03-03,Tuesday,10,0,evening,6328.9,10055.1,870.3,8.2
2026-03-03 19:38:27,twitter.com,social,Page on twitter.com,19,2026-03-03,Tuesday,10,0,evening,9370.0,7014.0,1136.8,51.7
2026-03-03 19:46:55,github.com,learning,Page on github.com,19,2026-03-03,Tuesday,10,0,evening,7761.0,8623.0,988.1,36.7
2026-03-03 19:50:44,twitter.com,social,Page on twitter.com,19,2026-03-03,Tuesday,10,0,evening,8885.3,7498.7,1056.8,95.4
2026-03-03 19:54:41,news.google.com,news,Page on news.google.com,19,2026-03-03,Tuesday,10,0,evening,6446.5,9937.5,764.6,33.9
2026-03-03 19:56:49,linkedin.com,professional,Page on linkedin.com,19,2026-03-03,Tuesday,10,0,evening,7636.6,8747.4,1084.8,27.2
2026-03-03 19:59:30,instagram.com,social,Page on instagram.com,19,2026-03-03,Tuesday,10,0,evening,6071.3,10312.7,775.3,10.0
2026-03-03 20:03:18,claude.ai,ai_tools,Page on claude.ai,20,2026-03-03,Tuesday,10,0,evening,9745.6,6638.4,1287.5,37.9
2026-03-03 20:03:37,linkedin.com,professional,Page on linkedin.com,20,2026-03-03,Tuesday,10,0,evening,9537.9,6846.1,1160.9,53.4
2026-03-03 20:05:27,twitter.com,social,Page on twitter.com,20,2026-03-03,Tuesday,10,0,evening,6619.2,9764.8,930.2,75.4
2026-03-03 20:05:53,instagram.com,social,Page on instagram.com,20,2026-03-03,Tuesday,10,0,evening,7271.4,9112.6,934.2,33.6
2026-03-03 20:07:26,amazon.com,shopping,Page on amazon.com,20,2026-03-03,Tuesday,10,0,evening,7625.5,8758.5,1007.1,76.6
2026-03-03 20:27:55,whatsapp.com,messaging,Page on whatsapp.com,20,2026-03-03,Tuesday,10,0,evening,7130.6,9253.4,947.4,44.6
2026-03-03 20:35:21,bbc.com,news,Page on bbc.com,20,2026-03-03,Tuesday,10,0,evening,7055.9,9328.1,890.3,80.3
2026-03-03 20:47:47,amazon.com,shopping,Page on amazon.com,20,2026-03-03,Tuesday,10,0,evening,6034.6,10349.4,729.3,55.3
2026-03-03 20:51:08,linkedin.com,professional,Page on linkedin.com,20,2026-03-03,Tuesday,10,0,evening,8283.4,8100.6,1029.1,21.6
2026-03-03 20:55:42,discord.com,messaging,Page on discord.com,20,2026-03-03,Tuesday,10,0,evening,8951.0,7433.0,1163.9,65.8
2026-03-03 21:09:42,google.com,search,Page on google.com,21,2026-03-03,Tuesday,10,0,late_night,6980.2,9403.8,997.3,65.1
2026-03-03 21:14:54,twitter.com,social,Page on twitter.com,21,2026-03-03,Tuesday,10,0,late_night,9389.3,6994.7,1226.6,33.3
2026-03-03 21:17:36,stackoverflow.com,learning,Page on stackoverflow.com,21,2026-03-03,Tuesday,10,0,late_night,7324.6,9059.4,1105.1,15.9
2026-03-03 21:19:22,twitter.com,social,Page on twitter.com,21,2026-03-03,Tuesday,10,0,late_night,6625.6,9758.4,771.2,35.6
2026-03-03 21:22:54,linkedin.com,professional,Page on linkedin.com,21,2026-03-03,Tuesday,10,0,late_night,7295.3,9088.7,936.2,41.4
2026-03-03 21:23:07,discord.com,messaging,Page on discord.com,21,2026-03-03,Tuesday,10,0,late_night,7637.2,8746.8,928.4,56.0
2026-03-03 21:36:32,github.com,learning,Page on github.com,21,2026-03-03,Tuesday,10,0,late_night,8474.3,7909.7,1181.4,91.3
2026-03-03 21:49:52,claude.ai,ai_tools,Page on claude.ai,21,2026-03-03,Tuesday,10,0,late_night,6781.5,9602.5,885.2,64.2
2026-03-03 21:51:27,linkedin.com,professional,Page on linkedin.com,21,2026-03-03,Tuesday,10,0,late_night,6498.9,9885.1,955.7,38.0
2026-03-03 22:00:11,whatsapp.com,messaging,Page on whatsapp.com,22,2026-03-03,Tuesday,10,0,late_night,7684.7,8699.3,964.6,28.2
2026-03-03 22:01:38,whatsapp.com,messaging,Page on whatsapp.com,22,2026-03-03,Tuesday,10,0,late_night,8128.3,8255.7,1095.0,26.3
2026-03-03 22:11:17,linkedin.com,professional,Page on linkedin.com,22,2026-03-03,Tuesday,10,0,late_night,8573.1,7810.9,997.9,104.8
2026-03-03 22:19:58,reddit.com,social,Page on reddit.com,22,2026-03-03,Tuesday,10,0,late_night,7875.4,8508.6,1024.6,79.2
2026-03-03 22:36:42,reddit.com,social,Page on reddit.com,22,2026-03-03,Tuesday,10,0,late_night,8158.8,8225.2,1070.5,99.7
2026-03-03 22:39:43,google.com,search,Page on google.com,22,2026-03-03,Tuesday,10,0,late_night,9110.2,7273.8,1158.0,62.3
2026-03-03 22:53:44,facebook.com,social,Page on facebook.com,22,2026-03-03,Tuesday,10,0,late_night,8883.3,7500.7,1055.5,91.2
2026-03-03 23:01:05,claude.ai,ai_tools,Page on claude.ai,23,2026-03-03,Tuesday,10,0,late_night,6785.2,9598.8,873.9,73.6
2026-03-03 23:09:47,outlook.com,email,Page on outlook.com,23,2026-03-03,Tuesday,10,0,late_night,7012.4,9371.6,985.5,89.8
2026-03-03 23:13:24,reddit.com,social,Page on reddit.com,23,2026-03-03,Tuesday,10,0,late_night,8873.6,7510.4,1238.2,73.1
2026-03-04 07:15:45,outlook.com,email,Page on outlook.com,7,2026-03-04,Wednesday,10,0,morning,6205.1,10178.9,780.9,49.2
2026-03-04 07:28:33,bing.com,search,Page on bing.com,7,2026-03-04,Wednesday,10,0,morning,6139.7,10244.3,734.1,62.1
2026-03-04 07:41:11,netflix.com,video,Page on netflix.com,7,2026-03-04,Wednesday,10,0,morning,4266.0,12118.0,531.1,7.4
2026-03-04 07:45:05,bing.com,search,Page on bing.com,7,2026-03-04,Wednesday,10,0,morning,4544.8,11839.2,530.8,52.9
2026-03-04 08:03:50,news.google.com,news,Page on news.google.com,8,2026-03-04,Wednesday,10,0,morning,5396.3,10987.7,773.7,28.8
2026-03-04 08:21:06,linkedin.com,professional,Page on linkedin.com,8,2026-03-04,Wednesday,10,0,morning,5103.2,11280.8,733.0,67.7
2026-03-04 08:21:43,claude.ai,ai_tools,Page on claude.ai,8,2026-03-04,Wednesday,10,0,morning,6546.8,9837.2,882.9,83.2
2026-03-04 08:23:58,kaggle.com,learning,Page on kaggle.com,8,2026-03-04,Wednesday,10,0,morning,5433.3,10950.7,764.7,12.5
2026-03-04 08:24:26,discord.com,messaging,Page on discord.com,8,2026-03-04,Wednesday,10,0,morning,4741.2,11642.8,677.6,21.3
2026-03-04 08:39:10,amazon.com,shopping,Page on amazon.com,8,2026-03-04,Wednesday,10,0,morning,4912.8,11471.2,706.5,39.5
2026-03-04 08:41:21,instagram.com,social,Page on instagram.com,8,2026-03-04,Wednesday,10,0,morning,5527.3,10856.7,693.3,24.7
2026-03-04 09:05:19,gmail.com,email,Page on gmail.com,9,2026-03-04,Wednesday,10,0,morning,8137.4,8246.6,1074.1,20.3
2026-03-04 09:08:38,bing.com,search,Page on bing.com,9,2026-03-04,Wednesday,10,0,morning,7303.3,9080.7,982.3,13.2
2026-03-04 09:09:58,coursera.org,learning,Page on coursera.org,9,2026-03-04,Wednesday,10,0,morning,8388.7,7995.3,1098.6,26.7
2026-03-04 09:21:05,outlook.com,email,Page on outlook.com,9,2026-03-04,Wednesday,10,0,morning,6979.6,9404.4,853.8,31.1
2026-03-04 09:41:44,google.com,search,Page on google.com,9,2026-03-04,Wednesday,10,0,morning,7188.2,9195.8,1034.5,21.5
2026-03-04 09:43:24,stackoverflow.com,learning,Page on stackoverflow.com,9,2026-03-04,Wednesday,10,0,morning,8000.9,8383.1,980.2,33.2
2026-03-04 09:46:54,google.com,search,Page on google.com,9,2026-03-04,Wednesday,10,0,morning,6369.7,10014.3,798.2,67.8
2026-03-04 09:58:38,claude.ai,ai_tools,Page on claude.ai,9,2026-03-04,Wednesday,10,0,morning,6735.6,9648.4,920.6,70.2
2026-03-04 10:05:41,google.com,search,Page on google.com,10,2026-03-04,Wednesday,10,0,morning,8223.0,8161.0,1004.2,8.9
2026-03-04 10:08:42,bing.com,search,Page on bing.com,10,2026-03-04,Wednesday,10,0,morning,7904.8,8479.2,1063.4,103.4
2026-03-04 10:19:11,whatsapp.com,messaging,Page on whatsapp.com,10,2026-03-04,Wednesday,10,0,morning,5946.8,10437.2,859.4,9.9
2026-03-04 10:21:49,amazon.com,shopping,Page on amazon.com,10,2026-03-04,Wednesday,10,0,morning,7964.8,8419.2,1086.9,29.5
2026-03-04 10:32:23,youtube.com,video,Page on youtube.com,10,2026-03-04,Wednesday,10,0,morning,6099.9,10284.1,876.2,24.9
2026-03-04 10:41:50,coursera.org,learning,Page on coursera.org,10,2026-03-04,Wednesday,10,0,morning,6445.5,9938.5,918.1,65.5
2026-03-04 10:47:43,news.google.com,news,Page on news.google.com,10,2026-03-04,Wednesday,10,0,morning,8022.0,8362.0,1043.5,17.5
2026-03-04 11:14:08,reddit.com,social,Page on reddit.com,11,2026-03-04,Wednesday,10,0,morning,7155.3,9228.7,1056.1,51.8
2026-03-04 11:18:54,chatgpt.com,ai_tools,Page on chatgpt.com,11,2026-03-04,Wednesday,10,0,morning,6254.9,10129.1,940.3,54.8
2026-03-04 11:32:49,gmail.com,email,Page on gmail.com,11,2026-03-04,Wednesday,10,0,morning,6659.3,9724.7,1116.4,71.6
2026-03-04 11:47:56,flipkart.com,shopping,Page on flipkart.com,11,2026-03-04,Wednesday,10,0,morning,6539.8,9844.2,818.0,54.3
2026-03-04 12:02:26,kaggle.com,learning,Page on kaggle.com,12,2026-03-04,Wednesday,10,0,afternoon,7610.5,8773.5,920.8,57.7
2026-03-04 12:09:10,github.com,learning,Page on github.com,12,2026-03-04,Wednesday,10,0,afternoon,7386.4,8997.6,1016.0,79.9
2026-03-04 12:39:08,outlook.com,email,Page on outlook.com,12,2026-03-04,Wednesday,10,0,afternoon,8151.8,8232.2,1080.7,88.2
2026-03-04 12:39:18,linkedin.com,professional,Page on linkedin.com,12,2026-03-04,Wednesday,10,0,afternoon,6659.7,9724.3,963.9,35.6
2026-03-04 12:42:21,claude.ai,ai_tools,Page on claude.ai,12,2026-03-04,Wednesday,10,0,afternoon,7999.3,8384.7,997.1,33.4
2026-03-04 12:44:49,google.com,search,Page on google.com,12,2026-03-04,Wednesday,10,0,afternoon,8334.7,8049.3,911.1,49.7
2026-03-04 12:46:15,whatsapp.com,messaging,Page on whatsapp.com,12,2026-03-04,Wednesday,10,0,afternoon,6694.9,9689.1,902.3,68.2
2026-03-04 12:50:28,stackoverflow.com,learning,Page on stackoverflow.com,12,2026-03-04,Wednesday,10,0,afternoon,7642.7,8741.3,1011.8,88.5
2026-03-04 12:57:10,linkedin.com,professional,Page on linkedin.com,12,2026-03-04,Wednesday,10,0,afternoon,7967.3,8416.7,1136.6,67.6
2026-03-04 13:12:23,google.com,search,Page on google.com,13,2026-03-04,Wednesday,10,0,afternoon,6605.5,9778.5,872.9,81.5
2026-03-04 13:15:19,whatsapp.com,messaging,Page on whatsapp.com,13,2026-03-04,Wednesday,10,0,afternoon,7515.5,8868.5,831.7,78.1
2026-03-04 13:18:49,kaggle.com,learning,Page on kaggle.com,13,2026-03-04,Wednesday,10,0,afternoon,6547.9,9836.1,1024.2,6.3
2026-03-04 13:33:26,whatsapp.com,messaging,Page on whatsapp.com,13,2026-03-04,Wednesday,10,0,afternoon,8241.8,8142.2,1150.7,13.5
2026-03-04 13:36:28,medium.com,learning,Page on medium.com,13,2026-03-04,Wednesday,10,0,afternoon,6564.8,9819.2,896.8,34.7
2026-03-04 13:50:30,news.google.com,news,Page on news.google.com,13,2026-03-04,Wednesday,10,0,afternoon,6288.0,10096.0,828.0,15.3
2026-03-04 14:08:55,stackoverflow.com,learning,Page on stackoverflow.com,14,2026-03-04,Wednesday,10,0,afternoon,6488.4,9895.6,704.0,31.5
2026-03-04 14:18:05,linkedin.com,professional,Page on linkedin.com,14,2026-03-04,Wednesday,10,0,afternoon,7540.0,8844.0,1060.4,16.7
2026-03-04 14:35:59,facebook.com,social,Page on facebook.com,14,2026-03-04,Wednesday,10,0,afternoon,7914.6,8469.4,1110.3,15.0
2026-03-04 14:41:30,claude.ai,ai_tools,Page on claude.ai,14,2026-03-04,Wednesday,10,0,afternoon,6168.4,10215.6,869.0,10.9
2026-03-04 14:52:12,chatgpt.com,ai_tools,Page on chatgpt.com,14,2026-03-04,Wednesday,10,0,afternoon,7166.6,9217.4,926.1,64.0
2026-03-04 14:54:33,claude.ai,ai_tools,Page on claude.ai,14,2026-03-04,Wednesday,10,0,afternoon,7751.6,8632.4,1056.1,10.6
2026-03-04 15:05:23,github.com,learning,Page on github.com,15,2026-03-04,Wednesday,10,0,afternoon,7380.3,9003.7,1035.9,66.2
2026-03-04 15:09:53,medium.com,learning,Page on medium.com,15,2026-03-04,Wednesday,10,0,afternoon,7301.4,9082.6,916.6,63.2
2026-03-04 15:17:28,news.google.com,news,Page on news.google.com,15,2026-03-04,Wednesday,10,0,afternoon,8069.1,8314.9,1122.8,20.0
2026-03-04 15:20:59,twitter.com,social,Page on twitter.com,15,2026-03-04,Wednesday,10,0,afternoon,7875.5,8508.5,1094.6,76.6
2026-03-04 15:23:15,kaggle.com,learning,Page on kaggle.com,15,2026-03-04,Wednesday,10,0,afternoon,6110.8,10273.2,927.3,37.3
2026-03-04 15:26:03,kaggle.com,learning,Page on kaggle.com,15,2026-03-04,Wednesday,10,0,afternoon,8356.7,8027.3,1256.0,98.7
2026-03-04 15:45:41,coursera.org,learning,Page on coursera.org,15,2026-03-04,Wednesday,10,0,afternoon,6429.2,9954.8,830.6,72.3
2026-03-04 15:56:22,ndtv.com,news,Page on ndtv.com,15,2026-03-04,Wednesday,10,0,afternoon,7053.5,9330.5,1052.8,76.5
2026-03-04 15:58:14,chatgpt.com,ai_tools,Page on chatgpt.com,15,2026-03-04,Wednesday,10,0,afternoon,6842.4,9541.6,817.2,18.4
2026-03-04 16:07:49,stackoverflow.com,learning,Page on stackoverflow.com,16,2026-03-04,Wednesday,10,0,afternoon,6245.2,10138.8,816.6,64.9
2026-03-04 16:09:08,netflix.com,video,Page on netflix.com,16,2026-03-04,Wednesday,10,0,afternoon,8077.4,8306.6,1011.3,100.7
2026-03-04 16:13:53,reddit.com,social,Page on reddit.com,16,2026-03-04,Wednesday,10,0,afternoon,7786.6,8597.4,1012.2,102.2
2026-03-04 16:30:28,outlook.com,email,Page on outlook.com,16,2026-03-04,Wednesday,10,0,afternoon,7216.2,9167.8,1027.7,67.9
2026-03-04 16:46:38,flipkart.com,shopping,Page on flipkart.com,16,2026-03-04,Wednesday,10,0,afternoon,6921.6,9462.4,1095.5,62.1
2026-03-04 16:53:08,linkedin.com,professional,Page on linkedin.com,16,2026-03-04,Wednesday,10,0,afternoon,6003.5,10380.5,829.3,63.2
2026-03-04 16:57:05,youtube.com,video,Page on youtube.com,16,2026-03-04,Wednesday,10,0,afternoon,6423.8,9960.2,919.3,12.5
2026-03-04 16:58:53,medium.com,learning,Page on medium.com,16,2026-03-04,Wednesday,10,0,afternoon,7817.6,8566.4,1133.2,29.0
2026-03-04 17:01:40,flipkart.com,shopping,Page on flipkart.com,17,2026-03-04,Wednesday,10,0,evening,6039.1,10344.9,720.6,61.8
2026-03-04 17:15:36,kaggle.com,learning,Page on kaggle.com,17,2026-03-04,Wednesday,10,0,evening,7940.9,8443.1,1064.2,70.2
2026-03-04 17:15:45,reddit.com,social,Page on reddit.com,17,2026-03-04,Wednesday,10,0,evening,7940.9,8443.1,1064.2,70.2
2026-03-04 17:19:07,instagram.com,social,Page on instagram.com,17,2026-03-04,Wednesday,10,0,evening,7802.0,8582.0,1085.8,60.6
2026-03-04 17:26:40,chatgpt.com,ai_tools,Page on chatgpt.com,17,2026-03-04,Wednesday,10,0,evening,7767.9,8616.1,1039.5,81.5
2026-03-04 17:27:00,outlook.com,email,Page on outlook.com,17,2026-03-04,Wednesday,10,0,evening,6761.6,9622.4,822.2,63.3
2026-03-04 17:29:04,facebook.com,social,Page on facebook.com,17,2026-03-04,Wednesday,10,0,evening,6800.8,9583.2,871.2,24.0
2026-03-04 17:57:31,outlook.com,email,Page on outlook.com,17,2026-03-04,Wednesday,10,0,evening,7888.8,8495.2,979.9,55.5
2026-03-04 18:01:22,instagram.com,social,Page on instagram.com,18,2026-03-04,Wednesday,10,0,evening,9291.8,7092.2,1083.6,60.0
2026-03-04 18:01:24,google.com,search,Page on google.com,18,2026-03-04,Wednesday,10,0,evening,9291.8,7092.2,1083.6,60.0
2026-03-04 18:02:22,linkedin.com,professional,Page on linkedin.com,18,2026-03-04,Wednesday,10,0,evening,8383.6,8000.4,1095.3,41.9
2026-03-04 18:02:40,flipkart.com,shopping,Page on flipkart.com,18,2026-03-04,Wednesday,10,0,evening,7976.2,8407.8,993.9,56.8
2026-03-04 18:21:52,news.google.com,news,Page on news.google.com,18,2026-03-04,Wednesday,10,0,evening,7685.3,8698.7,1002.9,20.6
2026-03-04 18:22:15,whatsapp.com,messaging,Page on whatsapp.com,18,2026-03-04,Wednesday,10,0,evening,8973.9,7410.1,1102.5,19.0
2026-03-04 18:23:16,whatsapp.com,messaging,Page on whatsapp.com,18,2026-03-04,Wednesday,10,0,evening,9362.0,7022.0,1197.9,53.3
2026-03-04 18:33:23,instagram.com,social,Page on instagram.com,18,2026-03-04,Wednesday,10,0,evening,8670.1,7713.9,1158.2,74.9
2026-03-04 18:33:34,bing.com,search,Page on bing.com,18,2026-03-04,Wednesday,10,0,evening,9704.9,6679.1,1247.5,62.3
2026-03-04 18:42:40,twitter.com,social,Page on twitter.com,18,2026-03-04,Wednesday,10,0,evening,7322.7,9061.3,1071.2,80.2
2026-03-04 18:42:42,instagram.com,social,Page on instagram.com,18,2026-03-04,Wednesday,10,0,evening,7322.7,9061.3,1071.2,80.2
2026-03-04 18:48:21,facebook.com,social,Page on facebook.com,18,2026-03-04,Wednesday,10,0,evening,9064.9,7319.1,1108.6,49.5
2026-03-04 18:49:37,whatsapp.com,messaging,Page on whatsapp.com,18,2026-03-04,Wednesday,10,0,evening,7036.1,9347.9,958.6,88.1
2026-03-04 18:50:32,linkedin.com,professional,Page on linkedin.com,18,2026-03-04,Wednesday,10,0,evening,7056.0,9328.0,1009.3,26.6
2026-03-04 19:02:18,github.com,learning,Page on github.com,19,2026-03-04,Wednesday,10,0,evening,6293.5,10090.5,844.4,24.8
2026-03-04 19:02:50,github.com,learning,Page on github.com,19,2026-03-04,Wednesday,10,0,evening,7270.9,9113.1,904.9,37.7
2026-03-04 19:11:53,discord.com,messaging,Page on discord.com,19,2026-03-04,Wednesday,10,0,evening,6485.1,9898.9,815.8,75.4
2026-03-04 19:25:52,linkedin.com,professional,Page on linkedin.com,19,2026-03-04,Wednesday,10,0,evening,8854.6,7529.4,1280.7,90.6
2026-03-04 19:30:40,reddit.com,social,Page on reddit.com,19,2026-03-04,Wednesday,10,0,evening,7221.7,9162.3,985.2,94.6
2026-03-04 19:43:29,ndtv.com,news,Page on ndtv.com,19,2026-03-04,Wednesday,10,0,evening,6902.0,9482.0,858.0,61.3
2026-03-04 19:45:49,outlook.com,email,Page on outlook.com,19,2026-03-04,Wednesday,10,0,evening,9395.9,6988.1,1163.1,112.1
2026-03-04 19:51:08,instagram.com,social,Page on instagram.com,19,2026-03-04,Wednesday,10,0,evening,8710.3,7673.7,1087.7,76.1
2026-03-04 19:56:02,medium.com,learning,Page on medium.com,19,2026-03-04,Wednesday,10,0,evening,9343.5,7040.5,1093.0,109.6
2026-03-04 19:59:19,bing.com,search,Page on bing.com,19,2026-03-04,Wednesday,10,0,evening,6308.7,10075.3,857.1,51.6
2026-03-04 20:03:55,news.google.com,news,Page on news.google.com,20,2026-03-04,Wednesday,10,0,evening,8217.9,8166.1,1142.5,94.8
2026-03-04 20:18:22,discord.com,messaging,Page on discord.com,20,2026-03-04,Wednesday,10,0,evening,7058.3,9325.7,1046.6,87.8
2026-03-04 20:21:17,twitter.com,social,Page on twitter.com,20,2026-03-04,Wednesday,10,0,evening,6881.6,9502.4,1017.7,33.1
2026-03-04 20:30:16,netflix.com,video,Page on netflix.com,20,2026-03-04,Wednesday,10,0,evening,6463.5,9920.5,808.0,51.9
2026-03-04 20:48:41,github.com,learning,Page on github.com,20,2026-03-04,Wednesday,10,0,evening,9325.4,7058.6,1120.6,21.9
2026-03-04 21:21:11,google.com,search,Page on google.com,21,2026-03-04,Wednesday,10,0,late_night,6814.5,9569.5,927.2,8.2
2026-03-04 21:28:57,flipkart.com,shopping,Page on flipkart.com,21,2026-03-04,Wednesday,10,0,late_night,7282.9,9101.1,951.9,93.9
2026-03-04 21:51:23,gmail.com,email,Page on gmail.com,21,2026-03-04,Wednesday,10,0,late_night,6531.1,9852.9,888.9,44.8
2026-03-04 21:56:25,whatsapp.com,messaging,Page on whatsapp.com,21,2026-03-04,Wednesday,10,0,late_night,9061.2,7322.8,1231.1,28.6
2026-03-04 22:05:46,reddit.com,social,Page on reddit.com,22,2026-03-04,Wednesday,10,0,late_night,6878.4,9505.6,927.6,79.0
2026-03-04 22:06:05,facebook.com,social,Page on facebook.com,22,2026-03-04,Wednesday,10,0,late_night,9542.0,6842.0,1300.1,101.7
2026-03-04 22:11:34,facebook.com,social,Page on facebook.com,22,2026-03-04,Wednesday,10,0,late_night,7074.0,9310.0,874.0,20.7
2026-03-04 22:18:19,github.com,learning,Page on github.com,22,2026-03-04,Wednesday,10,0,late_night,7188.7,9195.3,860.2,82.0
2026-03-04 22:27:38,discord.com,messaging,Page on discord.com,22,2026-03-04,Wednesday,10,0,late_night,7414.6,8969.4,1018.8,21.7
2026-03-04 22:28:22,github.com,learning,Page on github.com,22,2026-03-04,Wednesday,10,0,late_night,9069.3,7314.7,1248.2,36.3
2026-03-04 22:44:31,reddit.com,social,Page on reddit.com,22,2026-03-04,Wednesday,10,0,late_night,6367.0,10017.0,925.8,57.0
2026-03-04 22:45:27,instagram.com,social,Page on instagram.com,22,2026-03-04,Wednesday,10,0,late_night,8833.8,7550.2,1255.9,83.9
2026-03-04 22:51:33,facebook.com,social,Page on facebook.com,22,2026-03-04,Wednesday,10,0,late_night,7286.2,9097.8,933.8,83.7
2026-03-04 23:39:27,facebook.com,social,Page on facebook.com,23,2026-03-04,Wednesday,10,0,late_night,8137.2,8246.8,1115.8,84.7
2026-03-04 23:46:55,whatsapp.com,messaging,Page on whatsapp.com,23,2026-03-04,Wednesday,10,0,late_night,9000.5,7383.5,1356.7,96.0
2026-03-04 23:50:03,netflix.com,video,Page on netflix.com,23,2026-03-04,Wednesday,10,0,late_night,6424.9,9959.1,715.3,48.2
2026-03-05 06:06:20,stackoverflow.com,learning,Page on stackoverflow.com,6,2026-03-05,Thursday,10,0,morning,4906.8,11477.2,660.8,50.8
2026-03-05 06:29:07,coursera.org,learning,Page on coursera.org,6,2026-03-05,Thursday,10,0,morning,6009.5,10374.5,788.1,68.4
2026-03-05 07:06:03,kaggle.com,learning,Page on kaggle.com,7,2026-03-05,Thursday,10,0,morning,4890.5,11493.5,732.7,17.6
2026-03-05 07:24:55,claude.ai,ai_tools,Page on claude.ai,7,2026-03-05,Thursday,10,0,morning,5681.8,10702.2,728.3,17.4
2026-03-05 07:28:15,facebook.com,social,Page on facebook.com,7,2026-03-05,Thursday,10,0,morning,4593.4,11790.6,545.8,10.7
2026-03-05 08:01:05,flipkart.com,shopping,Page on flipkart.com,8,2026-03-05,Thursday,10,0,morning,6502.1,9881.9,909.9,44.5
2026-03-05 08:26:15,reddit.com,social,Page on reddit.com,8,2026-03-05,Thursday,10,0,morning,5350.6,11033.4,756.4,27.1
2026-03-05 08:32:29,google.com,search,Page on google.com,8,2026-03-05,Thursday,10,0,morning,5615.6,10768.4,759.5,41.2
2026-03-05 08:46:20,github.com,learning,Page on github.com,8,2026-03-05,Thursday,10,0,morning,6451.0,9933.0,794.9,26.7
2026-03-05 08:48:10,google.com,search,Page on google.com,8,2026-03-05,Thursday,10,0,morning,6501.1,9882.9,943.2,34.9
2026-03-05 08:52:20,chatgpt.com,ai_tools,Page on chatgpt.com,8,2026-03-05,Thursday,10,0,morning,5271.2,11112.8,669.9,33.2
2026-03-05 08:56:19,google.com,search,Page on google.com,8,2026-03-05,Thursday,10,0,morning,4556.4,11827.6,564.6,31.8
2026-03-05 09:03:18,amazon.com,shopping,Page on amazon.com,9,2026-03-05,Thursday,10,0,morning,6564.8,9819.2,1019.2,54.4
2026-03-05 09:12:23,gmail.com,email,Page on gmail.com,9,2026-03-05,Thursday,10,0,morning,6764.1,9619.9,825.0,31.8
2026-03-05 09:13:37,coursera.org,learning,Page on coursera.org,9,2026-03-05,Thursday,10,0,morning,8070.4,8313.6,1185.5,61.3
2026-03-05 09:25:03,gmail.com,email,Page on gmail.com,9,2026-03-05,Thursday,10,0,morning,8029.3,8354.7,1043.2,47.6
2026-03-05 09:30:18,gmail.com,email,Page on gmail.com,9,2026-03-05,Thursday,10,0,morning,7059.3,9324.7,931.6,54.8
2026-03-05 09:32:29,whatsapp.com,messaging,Page on whatsapp.com,9,2026-03-05,Thursday,10,0,morning,7347.7,9036.3,1052.4,12.8
2026-03-05 09:48:25,kaggle.com,learning,Page on kaggle.com,9,2026-03-05,Thursday,10,0,morning,6050.4,10333.6,888.6,49.7
2026-03-05 09:54:06,medium.com,learning,Page on medium.com,9,2026-03-05,Thursday,10,0,morning,6072.0,10312.0,836.4,50.5
2026-03-05 09:56:16,linkedin.com,professional,Page on linkedin.com,9,2026-03-05,Thursday,10,0,morning,6453.6,9930.4,910.3,36.6
2026-03-05 09:56:53,google.com,search,Page on google.com,9,2026-03-05,Thursday,10,0,morning,6756.9,9627.1,892.7,69.1
2026-03-05 10:02:02,netflix.com,video,Page on netflix.com,10,2026-03-05,Thursday,10,0,morning,7383.8,9000.2,1136.4,62.7
2026-03-05 10:04:24,amazon.com,shopping,Page on amazon.com,10,2026-03-05,Thursday,10,0,morning,6286.9,10097.1,856.6,30.9
2026-03-05 10:08:06,kaggle.com,learning,Page on kaggle.com,10,2026-03-05,Thursday,10,0,morning,7253.6,9130.4,836.3,7.4
2026-03-05 10:23:48,reddit.com,social,Page on reddit.com,10,2026-03-05,Thursday,10,0,morning,7602.6,8781.4,1069.1,24.0
2026-03-05 10:33:29,reddit.com,social,Page on reddit.com,10,2026-03-05,Thursday,10,0,morning,5963.1,10420.9,889.6,68.1
2026-03-05 10:38:32,kaggle.com,learning,Page on kaggle.com,10,2026-03-05,Thursday,10,0,morning,5998.9,10385.1,841.6,59.9
2026-03-05 10:39:43,outlook.com,email,Page on outlook.com,10,2026-03-05,Thursday,10,0,morning,6444.7,9939.3,867.5,53.8
2026-03-05 10:45:21,chatgpt.com,ai_tools,Page on chatgpt.com,10,2026-03-05,Thursday,10,0,morning,6357.3,10026.7,716.7,53.9
2026-03-05 10:48:35,stackoverflow.com,learning,Page on stackoverflow.com,10,2026-03-05,Thursday,10,0,morning,7385.9,8998.1,976.2,77.8
2026-03-05 10:50:21,gmail.com,email,Page on gmail.com,10,2026-03-05,Thursday,10,0,morning,7838.5,8545.5,1089.1,91.6
2026-03-05 10:57:32,reddit.com,social,Page on reddit.com,10,2026-03-05,Thursday,10,0,morning,7025.6,9358.4,1014.7,20.4
2026-03-05 10:59:39,coursera.org,learning,Page on coursera.org,10,2026-03-05,Thursday,10,0,morning,8165.0,8219.0,1073.3,9.1
2026-03-05 11:19:37,coursera.org,learning,Page on coursera.org,11,2026-03-05,Thursday,10,0,morning,6614.9,9769.1,799.6,73.2
2026-03-05 11:25:39,linkedin.com,professional,Page on linkedin.com,11,2026-03-05,Thursday,10,0,morning,6487.5,9896.5,905.0,75.8
2026-03-05 11:43:07,discord.com,messaging,Page on discord.com,11,2026-03-05,Thursday,10,0,morning,7066.8,9317.2,795.5,40.7
2026-03-05 11:45:36,stackoverflow.com,learning,Page on stackoverflow.com,11,2026-03-05,Thursday,10,0,morning,6741.2,9642.8,902.9,42.0
2026-03-05 11:52:01,kaggle.com,learning,Page on kaggle.com,11,2026-03-05,Thursday,10,0,morning,6851.1,9532.9,831.1,28.7
2026-03-05 11:53:32,flipkart.com,shopping,Page on flipkart.com,11,2026-03-05,Thursday,10,0,morning,8110.1,8273.9,1001.5,101.2
2026-03-05 12:01:28,coursera.org,learning,Page on coursera.org,12,2026-03-05,Thursday,10,0,afternoon,7307.9,9076.1,1079.8,75.2
2026-03-05 12:01:38,medium.com,learning,Page on medium.com,12,2026-03-05,Thursday,10,0,afternoon,7450.2,8933.8,879.7,43.7
2026-03-05 12:03:37,amazon.com,shopping,Page on amazon.com,12,2026-03-05,Thursday,10,0,afternoon,8284.2,8099.8,1060.4,39.9
2026-03-05 12:33:40,linkedin.com,professional,Page on linkedin.com,12,2026-03-05,Thursday,10,0,afternoon,6214.5,10169.5,798.4,38.8
2026-03-05 12:36:44,facebook.com,social,Page on facebook.com,12,2026-03-05,Thursday,10,0,afternoon,6297.3,10086.7,882.5,33.0
2026-03-05 12:37:19,chatgpt.com,ai_tools,Page on chatgpt.com,12,2026-03-05,Thursday,10,0,afternoon,7960.9,8423.1,1156.4,101.6
2026-03-05 12:37:36,github.com,learning,Page on github.com,12,2026-03-05,Thursday,10,0,afternoon,7964.1,8419.9,953.3,89.0
2026-03-05 12:41:50,discord.com,messaging,Page on discord.com,12,2026-03-05,Thursday,10,0,afternoon,6347.2,10036.8,764.6,50.2
2026-03-05 12:46:55,bing.com,search,Page on bing.com,12,2026-03-05,Thursday,10,0,afternoon,7487.0,8897.0,971.4,41.5
2026-03-05 12:49:53,kaggle.com,learning,Page on kaggle.com,12,2026-03-05,Thursday,10,0,afternoon,7364.9,9019.1,912.7,36.9
2026-03-05 12:52:43,stackoverflow.com,learning,Page on stackoverflow.com,12,2026-03-05,Thursday,10,0,afternoon,6238.8,10145.2,776.3,20.0
2026-03-05 13:08:33,github.com,learning,Page on github.com,13,2026-03-05,Thursday,10,0,afternoon,7337.3,9046.7,871.0,9.3
2026-03-05 13:09:26,bing.com,search,Page on bing.com,13,2026-03-05,Thursday,10,0,afternoon,6890.2,9493.8,933.9,84.7
2026-03-05 13:20:42,amazon.com,shopping,Page on amazon.com,13,2026-03-05,Thursday,10,0,afternoon,6027.3,10356.7,781.5,37.5
2026-03-05 13:24:20,whatsapp.com,messaging,Page on whatsapp.com,13,2026-03-05,Thursday,10,0,afternoon,6756.4,9627.6,758.8,83.6
2026-03-05 13:26:32,chatgpt.com,ai_tools,Page on chatgpt.com,13,2026-03-05,Thursday,10,0,afternoon,7404.2,8979.8,936.9,36.9
2026-03-05 13:47:46,instagram.com,social,Page on instagram.com,13,2026-03-05,Thursday,10,0,afternoon,7712.2,8671.8,1070.3,98.1
2026-03-05 13:58:30,claude.ai,ai_tools,Page on claude.ai,13,2026-03-05,Thursday,10,0,afternoon,7382.0,9002.0,1169.1,77.8
2026-03-05 14:17:35,stackoverflow.com,learning,Page on stackoverflow.com,14,2026-03-05,Thursday,10,0,afternoon,6996.4,9387.6,1041.7,57.9
2026-03-05 14:19:49,stackoverflow.com,learning,Page on stackoverflow.com,14,2026-03-05,Thursday,10,0,afternoon,7324.8,9059.2,981.2,78.3
2026-03-05 14:29:58,flipkart.com,shopping,Page on flipkart.com,14,2026-03-05,Thursday,10,0,afternoon,7704.3,8679.7,1057.6,73.3
2026-03-05 14:30:12,whatsapp.com,messaging,Page on whatsapp.com,14,2026-03-05,Thursday,10,0,afternoon,6426.9,9957.1,769.9,29.7
2026-03-05 14:34:22,google.com,search,Page on google.com,14,2026-03-05,Thursday,10,0,afternoon,7820.1,8563.9,1050.5,62.2
2026-03-05 14:51:44,stackoverflow.com,learning,Page on stackoverflow.com,14,2026-03-05,Thursday,10,0,afternoon,8386.2,7997.8,1169.1,78.0
2026-03-05 14:55:46,google.com,search,Page on google.com,14,2026-03-05,Thursday,10,0,afternoon,7153.8,9230.2,951.4,72.6
2026-03-05 15:13:44,bing.com,search,Page on bing.com,15,2026-03-05,Thursday,10,0,afternoon,7459.9,8924.1,985.0,39.2
2026-03-05 15:17:18,facebook.com,social,Page on facebook.com,15,2026-03-05,Thursday,10,0,afternoon,6409.4,9974.6,772.5,67.8
2026-03-05 15:20:30,coursera.org,learning,Page on coursera.org,15,2026-03-05,Thursday,10,0,afternoon,7434.2,8949.8,977.0,98.6
2026-03-05 15:59:59,chatgpt.com,ai_tools,Page on chatgpt.com,15,2026-03-05,Thursday,10,0,afternoon,8167.7,8216.3,1084.3,102.2
2026-03-05 16:02:18,whatsapp.com,messaging,Page on whatsapp.com,16,2026-03-05,Thursday,10,0,afternoon,7618.5,8765.5,1058.5,54.5
2026-03-05 16:05:22,bbc.com,news,Page on bbc.com,16,2026-03-05,Thursday,10,0,afternoon,6552.1,9831.9,918.0,42.5
2026-03-05 16:13:12,claude.ai,ai_tools,Page on claude.ai,16,2026-03-05,Thursday,10,0,afternoon,7814.4,8569.6,937.6,67.6
2026-03-05 16:25:52,coursera.org,learning,Page on coursera.org,16,2026-03-05,Thursday,10,0,afternoon,7248.1,9135.9,896.8,11.1
2026-03-05 16:41:16,linkedin.com,professional,Page on linkedin.com,16,2026-03-05,Thursday,10,0,afternoon,8200.2,8183.8,1119.9,41.7
2026-03-05 16:43:34,kaggle.com,learning,Page on kaggle.com,16,2026-03-05,Thursday,10,0,afternoon,6209.5,10174.5,855.9,79.5
2026-03-05 16:49:51,reddit.com,social,Page on reddit.com,16,2026-03-05,Thursday,10,0,afternoon,6014.0,10370.0,702.4,52.6
2026-03-05 17:03:42,news.google.com,news,Page on news.google.com,17,2026-03-05,Thursday,10,0,evening,6683.6,9700.4,910.3,85.9
2026-03-05 17:06:26,coursera.org,learning,Page on coursera.org,17,2026-03-05,Thursday,10,0,evening,8281.8,8102.2,1059.9,48.2
2026-03-05 17:08:00,whatsapp.com,messaging,Page on whatsapp.com,17,2026-03-05,Thursday,10,0,evening,7259.7,9124.3,955.0,31.8
2026-03-05 17:14:40,stackoverflow.com,learning,Page on stackoverflow.com,17,2026-03-05,Thursday,10,0,evening,7980.2,8403.8,1092.0,75.2
2026-03-05 17:17:08,facebook.com,social,Page on facebook.com,17,2026-03-05,Thursday,10,0,evening,7797.5,8586.5,1003.8,93.7
2026-03-05 17:17:59,gmail.com,email,Page on gmail.com,17,2026-03-05,Thursday,10,0,evening,7753.1,8630.9,1121.3,35.6
2026-03-05 17:18:20,stackoverflow.com,learning,Page on stackoverflow.com,17,2026-03-05,Thursday,10,0,evening,7222.8,9161.2,965.8,26.4
2026-03-05 17:30:06,bing.com,search,Page on bing.com,17,2026-03-05,Thursday,10,0,evening,7346.5,9037.5,961.0,90.0
2026-03-05 17:30:41,github.com,learning,Page on github.com,17,2026-03-05,Thursday,10,0,evening,8314.6,8069.4,1164.0,8.1
2026-03-05 17:47:37,stackoverflow.com,learning,Page on stackoverflow.com,17,2026-03-05,Thursday,10,0,evening,7543.6,8840.4,1016.7,81.5
2026-03-05 17:59:10,kaggle.com,learning,Page on kaggle.com,17,2026-03-05,Thursday,10,0,evening,7140.0,9244.0,942.1,90.9
2026-03-05 17:59:56,claude.ai,ai_tools,Page on claude.ai,17,2026-03-05,Thursday,10,0,evening,6441.2,9942.8,815.9,28.7
2026-03-05 18:03:58,discord.com,messaging,Page on discord.com,18,2026-03-05,Thursday,10,0,evening,7059.8,9324.2,949.6,55.9
2026-03-05 18:05:41,chatgpt.com,ai_tools,Page on chatgpt.com,18,2026-03-05,Thursday,10,0,evening,9009.5,7374.5,1121.6,36.1
2026-03-05 18:11:59,whatsapp.com,messaging,Page on whatsapp.com,18,2026-03-05,Thursday,10,0,evening,8240.5,8143.5,1088.9,85.8
2026-03-05 18:14:34,whatsapp.com,messaging,Page on whatsapp.com,18,2026-03-05,Thursday,10,0,evening,8198.7,8185.3,1123.8,79.8
2026-03-05 18:26:56,reddit.com,social,Page on reddit.com,18,2026-03-05,Thursday,10,0,evening,8546.6,7837.4,1144.3,56.7
2026-03-05 18:46:54,netflix.com,video,Page on netflix.com,18,2026-03-05,Thursday,10,0,evening,6592.8,9791.2,730.1,30.0
2026-03-05 18:53:25,google.com,search,Page on google.com,18,2026-03-05,Thursday,10,0,evening,5952.1,10431.9,833.8,28.5
2026-03-05 18:55:59,kaggle.com,learning,Page on kaggle.com,18,2026-03-05,Thursday,10,0,evening,7909.6,8474.4,1029.8,48.1
2026-03-05 18:56:02,youtube.com,video,Page on youtube.com,18,2026-03-05,Thursday,10,0,evening,7909.6,8474.4,1029.8,48.1
2026-03-05 18:58:58,reddit.com,social,Page on reddit.com,18,2026-03-05,Thursday,10,0,evening,6036.7,10347.3,963.5,44.6
2026-03-05 18:59:58,netflix.com,video,Page on netflix.com,18,2026-03-05,Thursday,10,0,evening,8467.0,7917.0,1160.6,73.8
2026-03-05 19:06:59,medium.com,learning,Page on medium.com,19,2026-03-05,Thursday,10,0,evening,8990.7,7393.3,1156.6,61.0
2026-03-05 19:10:46,outlook.com,email,Page on outlook.com,19,2026-03-05,Thursday,10,0,evening,7610.7,8773.3,1031.4,98.2
2026-03-05 19:11:00,whatsapp.com,messaging,Page on whatsapp.com,19,2026-03-05,Thursday,10,0,evening,9375.3,7008.7,1264.1,80.9
2026-03-05 19:12:11,claude.ai,ai_tools,Page on claude.ai,19,2026-03-05,Thursday,10,0,evening,7509.6,8874.4,1002.4,99.6
2026-03-05 19:18:29,news.google.com,news,Page on news.google.com,19,2026-03-05,Thursday,10,0,evening,8083.6,8300.4,1055.3,30.7
2026-03-05 19:19:36,claude.ai,ai_tools,Page on claude.ai,19,2026-03-05,Thursday,10,0,evening,6195.4,10188.6,783.7,38.5
2026-03-05 19:21:50,kaggle.com,learning,Page on kaggle.com,19,2026-03-05,Thursday,10,0,evening,9284.7,7099.3,1237.0,119.0
2026-03-05 19:29:17,github.com,learning,Page on github.com,19,2026-03-05,Thursday,10,0,evening,8996.2,7387.8,1219.1,111.4
2026-03-05 19:34:33,google.com,search,Page on google.com,19,2026-03-05,Thursday,10,0,evening,6168.3,10215.7,799.9,17.3
2026-03-05 19:36:43,discord.com,messaging,Page on discord.com,19,2026-03-05,Thursday,10,0,evening,8609.5,7774.5,1177.1,100.7
2026-03-05 19:41:16,ndtv.com,news,Page on ndtv.com,19,2026-03-05,Thursday,10,0,evening,9374.4,7009.6,1164.9,79.5
2026-03-05 19:51:07,medium.com,learning,Page on medium.com,19,2026-03-05,Thursday,10,0,evening,7916.9,8467.1,956.2,24.3
2026-03-05 19:56:08,bing.com,search,Page on bing.com,19,2026-03-05,Thursday,10,0,evening,7639.2,8744.8,1105.8,42.3
2026-03-05 20:08:30,medium.com,learning,Page on medium.com,20,2026-03-05,Thursday,10,0,evening,8928.0,7456.0,1322.3,117.2
2026-03-05 20:16:24,stackoverflow.com,learning,Page on stackoverflow.com,20,2026-03-05,Thursday,10,0,evening,8185.6,8198.4,1122.9,109.1
2026-03-05 20:20:05,flipkart.com,shopping,Page on flipkart.com,20,2026-03-05,Thursday,10,0,evening,8326.4,8057.6,1155.4,61.2
2026-03-05 20:21:19,chatgpt.com,ai_tools,Page on chatgpt.com,20,2026-03-05,Thursday,10,0,evening,6673.9,9710.1,695.8,47.5
2026-03-05 20:28:48,coursera.org,learning,Page on coursera.org,20,2026-03-05,Thursday,10,0,evening,6306.4,10077.6,748.9,45.5
2026-03-05 20:42:06,reddit.com,social,Page on reddit.com,20,2026-03-05,Thursday,10,0,evening,7996.7,8387.3,944.5,102.2
2026-03-05 20:52:27,bing.com,search,Page on bing.com,20,2026-03-05,Thursday,10,0,evening,6818.0,9566.0,846.3,53.2
2026-03-05 20:54:40,flipkart.com,shopping,Page on flipkart.com,20,2026-03-05,Thursday,10,0,evening,9694.6,6689.4,1237.2,40.8
2026-03-05 20:59:15,youtube.com,video,Page on youtube.com,20,2026-03-05,Thursday,10,0,evening,6578.4,9805.6,885.9,73.8
2026-03-05 21:16:41,amazon.com,shopping,Page on amazon.com,21,2026-03-05,Thursday,10,0,late_night,8304.2,8079.8,1275.1,62.2
2026-03-05 21:19:10,flipkart.com,shopping,Page on flipkart.com,21,2026-03-05,Thursday,10,0,late_night,9304.2,7079.8,1308.4,58.4
2026-03-05 21:42:07,outlook.com,email,Page on outlook.com,21,2026-03-05,Thursday,10,0,late_night,7666.5,8717.5,1103.9,60.6
2026-03-05 21:43:32,ndtv.com,news,Page on ndtv.com,21,2026-03-05,Thursday,10,0,late_night,7543.7,8840.3,1059.4,81.0
2026-03-05 21:44:15,netflix.com,video,Page on netflix.com,21,2026-03-05,Thursday,10,0,late_night,8577.4,7806.6,1185.8,90.8
2026-03-05 21:46:36,youtube.com,video,Page on youtube.com,21,2026-03-05,Thursday,10,0,late_night,8419.5,7964.5,1181.1,93.2
2026-03-05 22:08:30,instagram.com,social,Page on instagram.com,22,2026-03-05,Thursday,10,0,late_night,6458.0,9926.0,924.1,80.8
2026-03-05 22:23:39,twitter.com,social,Page on twitter.com,22,2026-03-05,Thursday,10,0,late_night,9685.4,6698.6,1402.4,70.6
2026-03-05 22:40:58,whatsapp.com,messaging,Page on whatsapp.com,22,2026-03-05,Thursday,10,0,late_night,8070.7,8313.3,1081.8,44.2
2026-03-05 22:44:35,whatsapp.com,messaging,Page on whatsapp.com,22,2026-03-05,Thursday,10,0,late_night,8807.6,7576.4,1220.8,28.0
2026-03-05 22:47:38,reddit.com,social,Page on reddit.com,22,2026-03-05,Thursday,10,0,late_night,8221.7,8162.3,1112.8,82.7
2026-03-05 22:48:34,bbc.com,news,Page on bbc.com,22,2026-03-05,Thursday,10,0,late_night,5985.5,10398.5,830.1,64.1
2026-03-05 22:49:19,bing.com,search,Page on bing.com,22,2026-03-05,Thursday,10,0,late_night,8358.5,8025.5,1218.2,41.9
2026-03-05 23:33:45,reddit.com,social,Page on reddit.com,23,2026-03-05,Thursday,10,0,late_night,9223.9,7160.1,1238.7,16.1
2026-03-05 23:43:48,flipkart.com,shopping,Page on flipkart.com,23,2026-03-05,Thursday,10,0,late_night,7682.7,8701.3,1067.6,62.5
2026-03-05 23:50:05,medium.com,learning,Page on medium.com,23,2026-03-05,Thursday,10,0,late_night,7648.1,8735.9,1168.0,50.5
2026-03-05 23:52:13,news.google.com,news,Page on news.google.com,23,2026-03-05,Thursday,10,0,late_night,6198.0,10186.0,846.6,83.2
2026-03-05 23:53:35,whatsapp.com,messaging,Page on whatsapp.com,23,2026-03-05,Thursday,10,0,late_night,6725.7,9658.3,833.9,51.7
2026-03-05 23:58:36,instagram.com,social,Page on instagram.com,23,2026-03-05,Thursday,10,0,late_night,8553.5,7830.5,1278.7,23.3
